,Link,Judul,Penulis,Dosen Pembimbing I,Dosen Pembimbing II,Abstrak,Label,Kelas
0,https://pta.trunojoyo.ac.id/welcome/detail/040411100468,"PERANCANGAN DAN IMPLEMENTASI SISTEM DATABASE 
TERDISTRIBUSI MENGGUNAKAN ORACLE STUDI KASUS 
SIAKAD UNIVERSITAS TRUNOJOYO",A.Ubaidillah S.Kom,Budi Setyono M.T,Hermawan S.T,"['sistem', 'informasi', 'akademik', 'siakad', 'sistem', 'informasi', 'fungsi', 'tangan', 'kelola', 'saji', 'datadata', 'akademik', 'fakultas', 'siakad', 'anggap', 'layan', 'mahasiswa', 'butuh', 'informasi', 'akademik', 'universitas', 'trunojoyo', 'sedia', 'siakad', 'database', 'pusat', 'sistem', 'lebih', 'awat', 'mudah', 'butuh', 'biaya', 'sistem', 'potensi', 'mengahadapi', 'kendalakendala', 'proses', 'transaksi', 'data', 'padat', 'jaring', 'database', 'siakad', 'lambat', 'pemrosesan', 'respon', 'query', 'data', 'simpan', 'pemrosesan', 'kompleks', 'milik', 'lemah', 'sedia', 'data', 'sistem', 'kembang', 'sistem', 'database', 'sistem', 'databases', 'distribusi', 'masingmasing', 'fakultas', 'jadi', 'solusi', 'masalah', 'basisdata', 'distribusi', 'untung', 'milik', 'basisdata', 'pusat', 'awas', 'distribusi', 'reability', 'availability', 'cepat', 'pemrosesan', 'query', 'otonomi', 'local']",RPL,0
1,https://pta.trunojoyo.ac.id/welcome/detail/040411100476,"SISTEM PENDUKUNG KEPUTUSAN OPTIMASI PENJADWALAN MATAKULIAH UNTUK PENGGUNAAN RUANGAN KULIAH BERSAMA DI UNIVERSITAS TRUNOJOYO MADURA MENGGUNAKAN ALGORITMA  
GENETIKA",Heri Supriyanto,"Mulaab, S.Si., M.Kom","Firli Irhamni, ST., M.Kom","['jadwal', 'kuliah', 'guru', 'kompleks', 'masalah', 'variabel', 'timbang', 'jadwal', 'optimal', 'susun', 'jadwal', 'kuliah', 'layak', 'coba', 'temu', 'jadwal', 'baik', 'butuh', 'metode', 'optimasi', 'terap', 'jadwal', 'mata', 'kuliah', 'metode', 'selesai', 'masalah', 'algoritma', 'genetika', 'tugas', 'tuju', 'sistem', 'jadwal', 'matakuliah', 'otomatis', 'hasil', 'optimal', 'hasil', 'teliti', 'algoritma', 'genetika', 'jadwal', 'optimal', 'bukti', 'nilai', 'fitness', 'milik', 'nilai', 'otomatis', 'jadwal', 'bentuk', 'optimal', 'moga', 'aplikasi', 'harap', 'mudah', 'dalam', 'buat', 'jadwal', 'matakuliah', 'mudah', 'cepat', 'kunci', 'algoritma', 'genetika', 'optimasi', 'jadwal']",RPL,0
2,https://pta.trunojoyo.ac.id/welcome/detail/040411100480,APLIKASI KONTROL DAN MONITORING JARINGAN KOMPUTER BERBASIS MOBILE,"M. Basith Ardianto,","Drs. Budi Soesilo, MT","Koko Joni, ST","['jalan', 'koneksi', 'jaring', 'komputer', 'lancar', 'ganggu', 'harap', 'guna', 'tanggung', 'bidang', 'administrator', 'jaring', 'koneksi', 'jaring', 'jalan', 'lancar', 'ganggu', 'nyata', 'lapang', 'jaring', 'komputer', 'skala', 'potensi', 'ganggu', 'rusa', 'koneksi', 'jaring', 'komputer', 'sebab', 'banyak', 'guna', 'padat', 'traffic', 'data', 'jaring', 'komputer', 'jaga', 'tingkat', 'kualitas', 'layan', 'koneksi', 'jaring', 'akses', 'kontrol', 'monitoring', 'level', 'administrator', 'jaring', 'realtime', 'bas', 'mobile', 'atur', 'informasi', 'koneksi', 'jaring', 'akses', 'administrator', 'jaring', 'tuntut', 'ganggu', 'putus', 'koneksi', 'jaring', 'administrator', 'kontrol', 'monitoring', 'sistem', 'kontrol', 'monitoring', 'bas', 'mobile', 'harap', 'bantu', 'tugas', 'administrator', 'kontrol', 'pantau', 'jaring', 'ambil', 'bijak', 'node', 'node', 'koneksi', 'jaring', 'manajemen', 'koneksi', 'port', 'bandwidth', 'mobile', 'benah', 'ganggu', 'jaring', 'pakai', 'jaring', 'klien', 'adu', 'ganggu', 'kunci', 'administrator', 'jaring', 'koneksi', 'jaring', 'akses', 'kontrol', 'monitoring']",RPL,0
3,https://pta.trunojoyo.ac.id/welcome/detail/070411100070,Kalibrasi Kamera dengan Menggunakan Metode Tsai,Bima Iffan Hakim,"Eza Rahmanita, ST., MT","Meidya Koeshardianto, S.Si., MT","['teknik', 'kalibrasi', 'pengaruh', 'kembang', 'computer', 'vision', 'proses', 'teknik', 'kalibrasi', 'olah', 'lanjut', 'proses', 'vision', 'laku', 'kalibrasi', 'proses', 'vision', 'mudah', 'proses', 'teknik', 'kalibrasi', 'tentu', 'parameter', 'proses', 'vision', 'rekonstruksi', 'teliti', 'coba', 'angkat', 'teknik', 'kalibrasi', 'kamera', 'klasik', 'popular', 'teknik', 'kalibrasi', 'kamera', 'algoritma', 'tsai', 'simulasi', 'hasil', 'parameter', 'ukur', 'obyek', 'aplikasi', 'banding', 'obyek', 'real', 'hasil', 'ujicoba', 'dapat', 'hasil', 'tahap', 'proses', 'kalibrasi', 'kamera', 'metode', 'tsai', 'hasil', 'data', 'parameter', 'simulasi', 'ujicoba', 'skenario', 'masingmasing', 'skenario', 'coba', 'hasil', 'hasil', 'ukur', 'aplikasi', 'hasil', 'ukur', 'nyata', 'galat', 'relative', 'hitung', 'aplikasi', 'ratarata', 'hitung', 'nyata', 'hasil', 'sebab', 'proses', 'ambil', 'data', 'spesifikasi', 'batas', 'kunci', 'kalibrasi', 'kamera', 'algoritma', 'tsai', 'computer', 'vision']",RPL,0
4,https://pta.trunojoyo.ac.id/welcome/detail/080411100115,Aplikasi Penilaian Kinerja dengan Metodologi Customer Realtionship Management (CRM),Luthfi Zahro,"Moch. Kautsar Sophan, S.Kom., M.MT","Dr. Rachmad Hidayat, ST., MT","['usaha', 'harap', 'hubung', 'langgan', 'pt', 'usaha', 'gerak', 'bidang', 'minyak', 'gas', 'bumi', 'negara', 'kelola', 'hubung', 'dampak', 'tingkat', 'citra', 'usaha', 'mata', 'langgan', 'nilai', 'kerja', 'usaha', 'ukur', 'kriteria', 'crm', 'scorecard', 'crm', 'scorecard', 'ambil', 'balanced', 'scorecard', 'bsc', 'fokus', 'langgan', 'nilai', 'kerja', 'metode', 'analytic', 'network', 'process', 'anp', 'bobot', 'pt', 'nilai', 'kerja', 'usaha', 'traffic', 'light', 'system', 'hasil', 'hasil', 'scoring', 'kpi', 'kpi', 'level', 'buruk', 'ekuitas', 'langgan', 'sistem', 'harga', 'kpi', 'perhati', 'indikator', 'level', 'kpi', 'luas', 'langgan', 'teknologi', 'informasi', 'struktur', 'organisasi', 'usaha', 'berhatihati', 'indikator', 'level', 'kpi', 'profitabilitas', 'setia', 'langgan', 'puas', 'langgan', 'nilai', 'hubung', 'langgan', 'oleh', 'langgan', 'tahan', 'langgan', 'peran', 'manajemen', 'latih', 'kerjasama', 'kunci', 'sistem', 'nilai', 'kerja', 'crm', 'scorecard', 'analytic', 'network', 'process', 'anp', 'key', 'performance', 'indicator', 'kpi']",RPL,0
5,https://pta.trunojoyo.ac.id/welcome/detail/060411100755,RANCANG BANGUN MANAJEMEN PEMBELAJARAN DAN TES TOEFL BERBASIS MOBILE,Susanto,"Hermawan S.T.,M.Kom","Andharini Dwi Cahyani S.Kom.,M.Kom","['guna', 'teknologi', 'mobile', 'marak', 'samping', 'unggul', 'mudah', 'bawa', 'bawa', 'kemanamana', 'teknologi', 'mobile', 'mudah', 'eksplorasi', 'bukti', 'smartphone', 'layan', 'manfaat', 'guna', 'toefl', 'test', 'of', 'english', 'as', 'foreign', 'languange', 'butuh', 'hadap', 'maju', 'teknologi', 'besar', 'minat', 'masyarakat', 'ajar', 'bahasa', 'inggris', 'ikut', 'testes', 'toefl', 'pengaruh', 'maju', 'teknologi', 'android', 'subset', 'perangkat', 'lunak', 'perangkat', 'mobile', 'liput', 'sistem', 'operasi', 'middleware', 'aplikasi', 'inti', 'release', 'google', 'android', 'sdk', 'tools', 'api', 'application', 'programming', 'interface', 'aplikasi', 'platform', 'android', 'bahasa', 'pemrograman', 'java', 'eclipse', 'ide', 'integrated', 'development', 'environment', 'coding', 'aplikasi', 'android', 'salah', 'manfaat', 'teknologi', 'mobile', 'media', 'ajar', 'tes', 'toefl', 'teks', 'audio', 'teknologi', 'android', 'bas', 'mobile', 'tes', 'toefl', 'ajar', 'test', 'lebih', 'listening', 'menu', 'aplikasi', 'harap', 'batu', 'tingkat', 'paham', 'guna', 'tes', 'toefl', 'kunci', 'tes', 'toefl', 'android', 'java', 'mobile', 'sdk']",CAI,1
6,https://pta.trunojoyo.ac.id/welcome/detail/080411100102,"RANCANG BANGUN APLIKASI PROXY SERVER UNTUK
ENKRIPSI KODE HTML MENGGUNAKAN
ALGORITMA BLOWFISH","Akhmad Suyandi, S.Kom","Drs. Budi Soesilo, M.T","Hermawan, ST, MT","['web', 'server', 'perangkat', 'lunak', 'server', 'fungsi', 'terima', 'minta', 'http', 'https', 'web', 'client', 'kirim', 'bentuk', 'halamanhalaman', 'web', 'bentuk', 'dokumen', 'html', 'dokumen', 'html', 'kirim', 'dokumen', 'bentuk', 'bahasa', 'markup', 'plaintext', 'dokumen', 'isi', 'kodekode', 'html', 'murni', 'proses', 'enkripsi', 'tuju', 'penelitan', 'aplikasi', 'proxy', 'server', 'terima', 'minta', 'http', 'web', 'client', 'terus', 'web', 'server', 'aplikasi', 'terima', 'respon', 'server', 'proses', 'enkripsi', 'dokumen', 'html', 'dokumen', 'html', 'kirim', 'web', 'client', 'bentuk', 'dokumen', 'html', 'enkripsi', 'web', 'client', 'aplikasi', 'internet', 'explorer', 'mozilla', 'firefox', 'opera', 'aplikasiaplikasi', 'kenal', 'sebut', 'web', 'browser', 'web', 'browser', 'terima', 'dokumen', 'html', 'enkripsi', 'aplikasi', 'proxy', 'server', 'javascript', 'engine', 'web', 'browser', 'proses', 'dekripsi', 'rendering', 'dokumen', 'tampil', 'sesuai', 'asli', 'kode', 'dokumen', 'html', 'menu', 'view', 'source', 'web', 'browser', 'dapat', 'dokumen', 'html', 'enkripsi']",CAI,1
7,https://pta.trunojoyo.ac.id/welcome/detail/050411100662,SISTEM AUGMENTED REALITY ANIMASI BENDA BERGERAK MENGGUNAKAN FLARTOOLKIT,Septian Rahman Hakim,"Arik Kurniawati, S.Kom., M.T.","Haryanto, S.T., M.T.","['iring', 'kembang', 'teknologi', 'dunia', 'muncul', 'teknologi', 'augmented', 'reality', 'augmented', 'reality', 'ar', 'upaya', 'gabung', 'dunia', 'maya', 'dunia', 'virtual', 'komputer', 'batas', 'tipis', 'headmounted', 'display', 'hmd', 'contoh', 'hasil', 'teliti', 'augmented', 'reality', 'satusatunya', 'alat', 'dasar', 'teknologiteknologi', 'baru', 'iring', 'jalan', 'augmented', 'reality', 'kembang', 'pesat', 'kembang', 'aplikasi', 'bidang', 'kembang', 'ar', 'library', 'dukung', 'flartoolkit', 'salah', 'satu', 'flartoolkit', 'library', 'dukung', 'augmented', 'reality', 'platform', 'flash', 'dasar', 'sistem', 'ar', 'animasi', 'benda', 'gerak', 'animasi', 'gerak', 'main', 'pingpong', 'mana', 'kolaborasi', 'augmented', 'reality', 'gerak', 'langkah', 'playernya', 'interaksi', 'obyek', 'gerak', 'bola', 'pukul', 'obyek', 'virtual', 'tampil', 'augmented', 'reality']",CAI,1
8,https://pta.trunojoyo.ac.id/welcome/detail/080411100014,PENERAPAN METODE ANALYTICAL HIERARCHY PROCESS DAN FUZZY MULTI-OBJECTIVE PROGRAMMINGUNTUK PEMILIHAN SUPPLIER,Helyatin,"Bain Khusnul K, S.T.,M.Kom","Andharini Dwi C, S.Kom.,M.Kom","['pilih', 'supplier', 'salah', 'isu', 'pilih', 'supplier', 'supply', 'chain', 'hubung', 'milik', 'pengaruh', 'langsung', 'produksipada', 'tugas', 'dianalisa', 'analytic', 'hierarchy', 'process', 'ahp', 'fuzzy', 'multiobjective', 'programming', 'fmop', 'pilih', 'supplier', 'industri', 'batik', 'podhek', 'kas', 'hitung', 'ahp', 'oleh', 'nilai', 'bobot', 'kriteria', 'pilih', 'supplier', 'nilai', 'masuk', 'fmop', 'fmop', 'solusi', 'maksimal', 'minimal', 'tujuansetelah', 'proses', 'hitung', 'faktor', 'kriteria', 'kontribusi', 'pilih', 'supplier', 'kriteria', 'harga', 'kualitas', 'tingkat', 'cacat', 'lambat', 'kirim', 'hasil', 'teliti', 'oleh', 'supplier', 'optimum', 'toko', 'utara', 'bahan', 'baku', 'kain', 'batas', 'beli', 'lembar', 'dapat', 'hasil', 'bahan', 'baku', 'warna', 'malan', 'batas', 'beli', 'kg', 'dapat', 'hasil', 'kunci', 'supply', 'chain', 'management', 'scm', 'pilih', 'supplier', 'analytical', 'hierarchy', 'process', 'fuzzy', 'multiobjective', 'programming']",RPL,0
9,https://pta.trunojoyo.ac.id/welcome/detail/080411100041,Model Penjualan Produk Unggulan Batik Khas Pamekasan Berbasis Electronic Commerce,Murni Rotifah," Moch. Kautsar Sophan, S.Kom, M.MT","Bain Khusnul Khotimah, S.T., M.Kom      ","['kabupaten', 'pamekasan', 'salah', 'pusat', 'industri', 'dagang', 'batik', 'tulis', 'andal', 'salah', 'sumber', 'dapat', 'daerah', 'batik', 'tulis', 'madura', 'batik', 'tulis', 'pamekasan', 'milik', 'corak', 'design', 'khas', 'tulis', 'teliti', 'buat', 'model', 'jual', 'produk', 'unggul', 'batik', 'khas', 'pamekasan', 'bas', 'electronic', 'commerce', 'tuju', 'teliti', 'bangun', 'model', 'ecommerce', 'interaktif', 'dukung', 'potensi', 'industri', 'dagang', 'kabupaten', 'pamekasan', 'mudah', 'transaksi', 'jual', 'produk', 'unggul', 'batik', 'tulis', 'khas', 'pamekasan', 'model', 'ecommerce', 'terap', 'business', 'to', 'customer', 'bc', 'metodologi', 'teliti', 'metode', 'sdlc', 'software', 'development', 'life', 'cycle', 'sdlc', 'waterfall', 'dasar', 'hasil', 'analisis', 'kuisioner', 'bagi', 'langgan', 'responden', 'cakup', 'fiturfitur', 'website', 'simpul', 'ambil', 'model', 'implementasi', 'website', 'ecommerce', 'bukti', 'hasil', 'kuisoner', 'ratarata', 'persentase', 'responden', 'tuju', 'capai', 'kunci', 'batik', 'ecommerce', 'bc', 'model']",RPL,0
10,https://pta.trunojoyo.ac.id/welcome/detail/070411100007,Gerak Pekerja Pada Game Real Time Strategy Menggunakan Finite State Machine,Adi Chandra Laksono,"Kurniawan Eka P, S.Kom., Msc","Arik Kurniawati, S.Kom., M.T.","['gerak', 'kerja', 'game', 'milik', 'genre', 'rts', 'realtime', 'strategy', 'gerak', 'kerja', 'milik', 'gerak', 'butuh', 'dekat', 'konsep', 'ai', 'desain', 'perilaku', 'kerja', 'perilaku', 'karakter', 'tambah', 'ai', 'artifical', 'intelegent', 'perilaku', 'hidup', 'realistis', 'teliti', 'ai', 'finite', 'state', 'machine', 'finite', 'state', 'machine', 'tentu', 'gerak', 'kerja', 'parameterparameter', 'dasar', 'gerak', 'simulasi', 'game', 'rts', 'game', 'engine', 'hasil', 'oleh', 'teliti', 'terap', 'metode', 'finite', 'state', 'machine', 'tentu', 'gerak', 'kerja', 'dasar', 'parameter', 'harta', 'prajurit', 'kondisi', 'bangun', 'stockpile', 'resources', 'bawa', 'kunci', 'game', 'realtime', 'strategy', 'gerak', 'kerja', 'finite', 'state', 'machine']",RPL,0
11,https://pta.trunojoyo.ac.id/welcome/detail/070411100126,RANCANG BANGUN GAME PERAWATAN SAPI KARAPAN MENGGUNAKAN METODE FUZZY LOGIC,NURRACHMAT,"Arik Kurniawati, S.Kom., M.T.","Kurniawan Eka Permana, S.Kom., MSc.","['kembang', 'game', 'pesat', 'alternative', 'minat', 'bentuk', 'game', 'cerita', 'media', 'saji', 'ada', 'game', 'gambar', 'budaya', 'indonesia', 'daerah', 'pulau', 'madura', 'hitung', 'rasa', 'luntur', 'budaya', 'indonesia', 'anak', 'bangsa', 'minat', 'game', 'sarana', 'kenal', 'budaya', 'asli', 'madura', 'aplikasi', 'game', 'olahraga', 'gari', 'pulau', 'madura', 'kerap', 'sapi', 'bangun', 'aplikasi', 'game', 'kerap', 'sapi', 'upaya', 'lestari', 'budaya', 'bangsa', 'pulau', 'madura', 'upaya', 'buat', 'game', 'budaya', 'bangun', 'game', 'awat', 'sapi', 'karapan', 'metode', 'logika', 'fuzzy', 'fuzzy', 'logic', 'menginputkan', 'parameter', 'kuat', 'sehat', 'sapi', 'karapan', 'tentu', 'harga', 'jual', 'sapi', 'karapan', 'game', 'awat', 'sapi', 'karapan', 'kunci', 'game', 'kerap', 'sapi', 'awat', 'sapi', 'kerap', 'budaya', 'madura']",CAI,1
12,https://pta.trunojoyo.ac.id/welcome/detail/070411100109,EKSTRAKSI FITUR BERBASIS TWO DIMENSIONAL LINEAR DISCRIMINANT ANALYSIS  UNTUK PENGENALAN WAJAH,Muhammad Choirur Rozi,"Dr. Arif Muntasa, S.Si.,M.T","Fitri Damayanti, S.Kom.,M.kom","['sistem', 'kenal', 'wajah', 'sistem', 'nali', 'identitas', 'wajah', 'manusia', 'teknologi', 'identifikasi', 'tubuh', 'manusia', 'unik', 'wajah', 'manusia', 'khusus', 'bidang', 'identifikasi', 'kenal', 'wajah', 'manusia', 'manfaat', 'olah', 'analisis', 'citra', 'wajah', 'peran', 'proses', 'kenal', 'wajah', 'manusia', 'sistem', 'manfaat', 'sistem', 'aman', 'bidang', 'biometrika', 'teliti', 'bangun', 'perangkat', 'lunak', 'kenal', 'citra', 'wajah', 'manusia', 'metode', 'two', 'dimensional', 'linear', 'discriminant', 'analysis', 'dlda', 'tentu', 'karakteristik', 'wajah', 'manusia', 'tahap', 'klasifikasi', 'metode', 'angular', 'separation', 'ukur', 'mirip', 'data', 'latih', 'training', 'data', 'uji', 'coba', 'testing', 'proses', 'testing', 'gambar', 'wajah', 'tahu', 'identitas', 'uji', 'coba', 'aplikasi', 'klasifikasi', 'angular', 'separation', 'oleh', 'akurasi', 'kenal', 'pose', 'citra', 'wajah', 'latih', 'pose', 'citra', 'wajah', 'uji', 'coba', 'testing', 'data', 'ratus', 'citra', 'wajah', 'manusia', 'ambil', 'database', 'orl', 'puluh', 'eigen', 'kunci', 'sistem', 'kenal', 'wajah', 'two', 'dimensional', 'linear', 'discriminant', 'analysis', 'angular', 'separation']",RPL,0
13,https://pta.trunojoyo.ac.id/welcome/detail/080411100083,IMPLEMENTASI  ALGORITMA PRIM  DAN DEPTH FIRST SEARCH PADA PEMBUATAN MAZE GAME BERBASIS ANDROID OS MOBILE,M Khoiril Anwar,"Cucun Very Angkoso, S.T., M.T.","Arik Kurniawati S. Kom., M.T.","['teknologi', 'mobile', 'game', 'beroperating', 'system', 'open', 'source', 'kembang', 'pesat', 'ragam', 'variasi', 'mobile', 'game', 'milik', 'minat', 'kalang', 'dasar', 'kembang', 'kembang', 'mobile', 'game', 'teliti', 'mobile', 'game', 'asah', 'mampu', 'berfikir', 'kembang', 'implementasi', 'algoritma', 'prim', 'depth', 'first', 'search', 'buat', 'algoritma', 'prim', 'terap', 'buat', 'lintas', 'maze', 'algoritma', 'depth', 'first', 'search', 'terap', 'proses', 'cari', 'solusi', 'hasil', 'uji', 'simpul', 'algoritma', 'prim', 'depth', 'first', 'search', 'fungsi', 'resolusi', 'screen', 'pixels', 'bentuk', 'lintas', 'cari', 'solusi', 'maze', 'kunci', 'mobile', 'game', 'android', 'algoritma', 'prim', 'algoritma', 'depth', 'first', 'search']",CAI,1
14,https://pta.trunojoyo.ac.id/welcome/detail/070411100120,PEMANFAATAN TOGAF ADM UNTUK PERANCANGAN SISTEM INFORMASI DINAS PERINDUSTRIAN & PERDAGANGAN SEBAGAI SUB SISTEM ARSITEKTUR E-GOVERNMENT KABUPATEN BANGKALAN,Norman,"M. Kautsar Sophan, S.Kom., M. MT.","Yeni Kustiyahningsih S.Kom., M.Kom.","['susun', 'sistem', 'informasi', 'dinas', 'industri', 'dagang', 'disperindag', 'kabupaten', 'bangkal', 'tingkat', 'kualitas', 'layan', 'bantu', 'proses', 'kerja', 'dinas', 'salah', 'faktor', 'dorong', 'manfaat', 'sistem', 'informasi', 'tingkat', 'butuh', 'fungsi', 'layan', 'jalan', 'tuju', 'terap', 'arsitektur', 'enterprise', 'cipta', 'selaras', 'bisnis', 'teknologi', 'informasi', 'butuh', 'instansi', 'terap', 'arsitektur', 'enterprise', 'lepas', 'instansi', 'rencana', 'rancang', 'arsitektur', 'enterprise', 'togaf', 'adm', 'metodologi', 'lengkap', 'instansi', 'paham', 'tahap', 'tahap', 'metodologi', 'terjemah', 'aktivitas', 'ancang', 'arsitektur', 'enterprise', 'tahap', 'ancang', 'arsitektur', 'enterprise', 'lanjut', 'tahap', 'rencana', 'implementasi', 'togaf', 'adm', 'milik', 'komponen', 'utama', 'arsitektur', 'bisnis', 'arsitektur', 'data', 'arsitektur', 'teknologi', 'arsitektur', 'aplikasi', 'inti', 'togaf', 'arsitektur', 'enterprise', 'aspek', 'hasil', 'model', 'kerangka', 'dasar', 'kembang', 'sistem', 'informasi', 'integrasi', 'dukung', 'butuh', 'dinas', 'industri', 'dagang', 'sesuai', 'atur', 'bupati', 'bangkal', 'nomor', 'urai', 'tugas', 'jabat', 'struktural', 'dinas', 'industri', 'dagang']",RPL,0
15,https://pta.trunojoyo.ac.id/welcome/detail/070411100143,APLIKASI METODE FUZZY ANALYTIC NETWORK PROCESS (FANP) UNTUK MENDUKUNG KEPUTUSAN PROSES PROMOSI JABATAN DI PT. SURYA MADISTRINDO PAMEKASAN,"Robiatul Adawiyah, S.Kom","Diana Rahmawati, S.T, M.T","Budi Dwi Satoto, S.T, M.Kom","['usaha', 'perintah', 'swasta', 'tuju', 'capai', 'capai', 'tuju', 'usaha', 'manfaat', 'sumber', 'daya', 'milik', 'optimal', 'salah', 'sumber', 'daya', 'sumber', 'daya', 'manusia', 'milik', 'usaha', 'sesuai', 'atur', 'tetap', 'pt', 'surya', 'madistrindo', 'pamekasan', 'proses', 'promosi', 'jabat', 'kriteriakriteria', 'aspek', 'kapasitas', 'intelektual', 'aspek', 'sikap', 'kerja', 'aspek', 'perilaku', 'masingmasing', 'sub', 'kriteria', 'sendiri', 'metode', 'metode', 'fuzzy', 'analytic', 'network', 'process', 'fanp', 'metode', 'fanp', 'cari', 'bobot', 'prioritas', 'penting', 'kriteria', 'sub', 'kriteria', 'tetap', 'proses', 'rangking', 'bobot', 'kriteria', 'masingmasing', 'data', 'karyawan', 'bobot', 'oleh', 'hasil', 'kuesioner', 'pimpin', 'usaha', 'proses', 'rangking', 'ali', 'nilai', 'bobot', 'kriteria', 'tiaptiap', 'sub', 'kriteria', 'seleksi', 'karyawan', 'hak', 'duduk', 'jabat', 'sedia', 'dasar', 'kriteriakriteria', 'tentu', 'hasil', 'uji', 'coba', 'selesai', 'studi', 'proses', 'promosi', 'jabat', 'karyawan', 'hasil', 'nilai', 'akurasi', 'kunci', 'sistem', 'dukung', 'putus', 'promosi', 'jabat', 'fuzzy', 'analytic', 'network', 'process', 'fanp']",RPL,0
16,https://pta.trunojoyo.ac.id/welcome/detail/070411100037,"SISTEM PENDUKUNG KEPUTUSAN REKOMENDASI MENU DIET BAGI PASIEN RAWAT INAP MENGGUNAKAN METODE HARRIS BENEDICT DAN EUCLIDEAN (Studi Kasus : RSUD Dr. H. Moh. Anwar Sumenep)
",Desy Mariana S. Kom,"Haryanto ST, MT","Firli Irhamni ST, M. Kom","['layan', 'makan', 'pasien', 'rawat', 'inap', 'rumah', 'sakit', 'tuju', 'menu', 'diet', 'sesuai', 'syarat', 'gizi', 'minimal', 'sesuai', 'sakit', 'derita', 'pasien', 'menu', 'sedia', 'rumah', 'sakit', 'perhati', 'butuh', 'kalori', 'pasien', 'individu', 'akibat', 'sedia', 'makan', 'pasien', 'sesuai', 'butuh', 'kalori', 'hari', 'pasien', 'buat', 'sistem', 'dukung', 'putus', 'rekomendasi', 'menu', 'diet', 'pasien', 'alat', 'bantu', 'sedia', 'menu', 'makan', 'pasien', 'metode', 'metode', 'harris', 'benedict', 'hitung', 'total', 'kalori', 'pasien', 'metode', 'euclidean', 'perankingannya', 'harap', 'aplikasi', 'sistem', 'dukung', 'putus', 'rekomendasi', 'menu', 'diet', 'pasien', 'serta', 'jelas', 'butuh', 'kalori', 'hari', 'asupan', 'makan', 'hari', 'makan', 'batas', 'kunci', 'sistem', 'dukung', 'putus', 'harris', 'benedict', 'euclidean']",RPL,0
17,https://pta.trunojoyo.ac.id/welcome/detail/070411100079,RANCANG BANGUN APLIKASI PEMILIHAN TEKNIK REKAYASA KEBUTUHAN MENGGUNAKAN METODE SELF ORGANIZING MAP BERBASIS EUCLIDEAN DISTANCE DAN CANBERRA DISTANCE MATRIX,Lia Fransiska,"Firli Irhamni S.T, M.Kom","Budi Dwi Satoto S.T, M.Kom","['susun', 'sistem', 'dukung', 'putus', 'pilih', 'teknik', 'rekayasa', 'butuh', 'bantu', 'kembang', 'perangkat', 'lunak', 'bangun', 'proyek', 'perangkat', 'lunak', 'pilih', 'teknik', 'rekayasa', 'butuh', 'dasar', 'pilih', 'system', 'analis', 'sangkut', 'dasar', 'karakteristik', 'teknik', 'rekayasa', 'butuh', 'sesuai', 'proyek', 'perangkat', 'lunak', 'hasil', 'perangkat', 'lunak', 'proses', 'evaluasi', 'pilih', 'teknik', 'rekayasa', 'butuh', 'salah', 'tahap', 'proyek', 'kembang', 'perangkat', 'lunak', 'dalam', 'spk', 'proses', 'pilih', 'teknik', 'rekayasa', 'butuh', 'kriteria', 'atribut', 'project', 'kembang', 'perangkat', 'lunak', 'proses', 'clustering', 'metode', 'self', 'organizing', 'map', 'som', 'parameter', 'distance', 'matrix', 'tangan', 'data', 'multi', 'dimensional', 'euclidean', 'canberra', 'jenis', 'distance', 'matrix', 'lazim', 'tingkat', 'akurasi', 'tangan', 'data', 'riil', 'hasil', 'oleh', 'banding', 'hasil', 'clustering', 'metode', 'som', 'bas', 'euclidean', 'distance', 'canberra', 'distance', 'matrix', 'hasil', 'teknik', 'rekayasa', 'butuh', 'efisien', 'obyektif', 'sesuai', 'karakteristik', 'proyek', 'perangkat', 'lunak', 'kunci', 'sistem', 'dukung', 'putus', 'teknik', 'rekayasa', 'butuh', 'clustering', 'self', 'organizing', 'map', 'canberra', 'distance', 'matrix']",RPL,0
18,https://pta.trunojoyo.ac.id/welcome/detail/070411100092,Perancangan Sistem Informasi Badan Kepegawaian Daerah ( BKD ) Bangkalan Sebagai Sub sistem dari E-Government Bangkalan Menggunakan TOGAF ADM,MALIKUL HAMZAH,"Moch. Kautsar Sophan, S.Kom., M.MT.","Yeni Kustiyaningsih, S.Kom., M.Kom.","['kantor', 'badan', 'pegawai', 'kota', 'bangkal', 'instansi', 'perintah', 'gerak', 'bidang', 'layan', 'pegawai', 'tingkat', 'kualitas', 'layan', 'sistem', 'informasi', 'memonitoring', 'bantu', 'proses', 'kerja', 'dinas', 'teliti', 'bahas', 'terap', 'architecture', 'enterprise', 'bkd', 'bangkal', 'menggunakkan', 'metode', 'togaf', 'adm', 'mengimplementa', 'sikannya', 'dalam', 'implementasi', 'aplikasi', 'enterprise', 'bentuk', 'padu', 'egovernment', 'bangkal', 'togaf', 'adm', 'milik', 'komponen', 'utama', 'arsitektur', 'bisnis', 'arsitektur', 'data', 'arsitektur', 'teknologi', 'arsitektur', 'aplikasi', 'inti', 'togaf', 'architecture', 'enterprise', 'aspek', 'teliti', 'bahas', 'ancang', 'sistem', 'arsitektur', 'sistem', 'informasi', 'bkd', 'bangkal', 'subsistem', 'egovernment', 'bangkal', 'togaf', 'adm', 'tuju', 'hasil', 'sistem', 'aplikasi', 'administrasi', 'kantor', 'badan', 'pegawai', 'daerah', 'bangkal', 'blue', 'print', 'baik', 'efisiensi', 'nyaman', 'aksesibilitas', 'layan', 'publik', 'kunci', 'arsitektur', 'interprise', 'togaf', 'adm', 'arsitektur', 'bisnis', 'arsitektur', 'data', 'arsitektur', 'aplikasi', 'arsitektur', 'teknologi']",RPL,0
19,https://pta.trunojoyo.ac.id/welcome/detail/070411100050,DETEKSI COREPOINT SIDIK JARI MENGGUNAKAN METODE GEOMETRY OF REGION TECHNIQUE (GR),Erwina Safitri,"Dr. Indah Agustien, S.Kom., M.Kom","Fitri Damayanti, S.Kom., M.Kom","['sidik', 'jari', 'salah', 'karakteristik', 'fisik', 'manusia', 'identifikasi', 'manusia', 'sidik', 'jari', 'karakteristik', 'ubah', 'kecuali', 'luka', 'rusak', 'akibat', 'celaka', 'sidik', 'jari', 'tindak', 'kriminal', 'curi', 'curang', 'administrasi', 'proses', 'deteksi', 'sidik', 'jari', 'mudah', 'pihakpihak', 'wajib', 'tangan', 'proses', 'deteksi', 'laku', 'program', 'komputer', 'tahap', 'hitung', 'tentu', 'titik', 'kenal', 'corepoint', 'proses', 'peran', 'proses', 'identifikasi', 'manusia', 'tentu', 'corepoint', 'titik', 'sidik', 'jari', 'manual', 'otomatis', 'manual', 'laku', 'kasat', 'mata', 'otomatis', 'tentu', 'sistem', 'tugas', 'tentu', 'corepoint', 'sidik', 'jari', 'otomatis', 'metode', 'geometry', 'of', 'region', 'technique', 'grcitra', 'tugas', 'oleh', 'database', 'fvc', 'fingerprintbitmaps', 'hasil', 'uji', 'coba', 'sistem', 'baik', 'deteksi', 'corepoint', 'sidik', 'jari', 'metode', 'geometry', 'of', 'region', 'technique', 'gr', 'proses', 'normalisasi', 'ukur', 'blok', 'pixel', 'hasil', 'akurasi', 'sistem', 'dapat', 'kunci', 'sidik', 'jari', 'corepoint', 'geometry', 'of', 'region', 'technique', 'gr', 'normalisasi']",RPL,0
20,https://pta.trunojoyo.ac.id/welcome/detail/080411100012,"APLIKASI DAN DESAIN MODEL DECISION AID PELANGGAN
PADA E-COMMERCE TOKO BATIK TULIS MADURA
",Ardiyanto Setiawan,"Moch. Kautsar Sophan, S.Kom., M.MT.","Yeni Kustiyah Ningsih, S.Kom., M.Kom.","['toko', 'batik', 'tulis', 'madura', 'salah', 'toko', 'operasi', 'website', 'ecommerce', 'model', 'ecommerce', 'website', 'milik', 'kurang', 'fitur', 'rekomndasi', 'mudah', 'konsumen', 'cari', 'barang', 'bel', 'teliti', 'tuju', 'rekomendasi', 'decision', 'aid', 'bantu', 'langgan', 'pilih', 'produk', 'website', 'toko', 'batik', 'tulis', 'madura', 'teknik', 'kumpul', 'analis', 'data', 'studi', 'literatur', 'hubung', 'decision', 'aid', 'multi', 'criteria', 'observasi', 'website', 'toko', 'batik', 'tulis', 'madura', 'interview', 'milik', 'website', 'toko', 'batik', 'tulis', 'madura', 'buat', 'implementasi', 'teliti', 'model', 'waterfall', 'jenis', 'decision', 'aid', 'implementasi', 'multi', 'criteria', 'filtering', 'metode', 'bobot', 'multi', 'criteria', 'filtering', 'decision', 'matrix', 'hasil', 'ujicoba', 'sample', 'coba', 'kali', 'data', 'perconbaan', 'cari', 'presentase', 'akurasi', 'error', 'hasil', 'uji', 'layak', 'kuisoner', 'hasil', 'performa', 'milik', 'tool', 'tool', 'layak', 'integrasi', 'website', 'ecommerce', 'kunci', 'decision', 'aid', 'multi', 'criteria', 'filtering']",RPL,0
21,https://pta.trunojoyo.ac.id/welcome/detail/070411100170,Segmentasi Parasit Malaria Dalam Sel Darah Menggunakan Operasi Morfologi Dan Transformasi Watershed,Yenni Rahmawati,"Rima Tri Wahyuningrum, S.T.,M.T.","Fitri Damayanti, S.Kom., M.Kom","['malaria', 'sebab', 'intraseluler', 'parasit', 'sel', 'tunggal', 'milik', 'genus', 'plasmodium', 'infeksi', 'manusia', 'pasuk', 'alir', 'darah', 'dampak', 'malaria', 'geografis', 'milik', 'tingkat', 'transmisi', 'tinggi', 'daerah', 'tropis', 'subtropics', 'negaranegara', 'milik', 'tingkat', 'tumbuh', 'duduk', 'indonesia', 'deteksi', 'parasit', 'malaria', 'cari', 'titik', 'kromatin', 'titik', 'kromatin', 'sel', 'darah', 'merah', 'sel', 'darah', 'merah', 'anggap', 'sel', 'darah', 'merah', 'sehat', 'deteksi', 'titik', 'kromatin', 'manual', 'proses', 'segmentasi', 'harap', 'langkah', 'mudah', 'deteksi', 'titik', 'kromatin', 'segmentasi', 'salah', 'faktor', 'analisis', 'gambar', 'teliti', 'segmentasi', 'sel', 'darah', 'merah', 'operasi', 'morfologi', 'deteksi', 'tepi', 'canny', 'transformasi', 'watershed', 'data', 'data', 'citra', 'citra', 'uji', 'operasi', 'morfologi', 'citra', 'hasil', 'morfologi', 'uji', 'kali', 'coba', 'parameter', 'masking', 'sigma', 'high', 'threshold', 'ht', 'low', 'threshold', 'lt', 'deteksi', 'tepi', 'canny', 'hasil', 'uji', 'segmentasi', 'transformasi', 'watershed', 'hitung', 'tingkat', 'akurasi', 'banding', 'koordinat', 'piksel', 'citra', 'hasil', 'segmentasi', 'citra', 'ground', 'truth', 'hasil', 'nilai', 'ratarata', 'akurasi']",RPL,0
22,https://pta.trunojoyo.ac.id/welcome/detail/050411100558,"ANALISA DATA ANTARAN POS EXPRESS MENGGUNAKAN
METODE RADIAL BASIS FUNCTION NEURAL NETWORK (RBF-NN)
STUDY PT. POS INDONESIA SURABAYA",siti murtasiyah warda,"Bain Khusnul Khotimah.,S.T.,M.Kom","Firli Irhamni, S.T., M.Kom.","['pt', 'pos', 'indonesia', 'persero', 'salah', 'usaha', 'gerak', 'bidang', 'komunikasi', 'salah', 'produk', 'layan', 'pt', 'pos', 'indonesia', 'persero', 'produk', 'pos', 'express', 'produk', 'pos', 'express', 'harap', 'mati', 'masyarakat', 'tahan', 'unggul', 'pt', 'pos', 'indonesia', 'persero', 'analisis', 'pola', 'kembang', 'maju', 'oleh', 'informasi', 'amal', 'produk', 'pos', 'express', 'masuk', 'kantor', 'mail', 'processing', 'center', 'mpc', 'surabaya', 'analisis', 'amal', 'produk', 'pos', 'express', 'metode', 'rbfnn', 'radial', 'basic', 'function', 'neural', 'network', 'hasil', 'analisa', 'ujicoba', 'hasil', 'nilai', 'optimal', 'salah', 'satu', 'coba', 'inputan', 'hasil', 'amal', 'epoch', 'oleh', 'hasil', 'mse', 'mape', 'hasil', 'ramal', 'kunci', 'amal', 'jaring', 'syaraf', 'tiru', 'jst', 'radial', 'basis', 'function', 'neural', 'network', 'rbfnn']",RPL,0
23,https://pta.trunojoyo.ac.id/welcome/detail/070411100133,Deteksi Manusia Menggunakan Histogram of Oriented Gradients dan Naïve Bayes Classifier,R.A. Uluwiyah Nur Oktavianis,"Dr. Indah Agustien, S.Kom., M.Kom","Ari Kusumaningsih, S.T, M.T","['deteksi', 'manusia', 'aplikasi', 'fungsi', 'deteksi', 'objek', 'manusia', 'citra', 'untung', 'ambil', 'kaji', 'terap', 'video', 'awas', 'video', 'awas', 'manusia', 'deteksi', 'gerak', 'aplikasi', 'deteksi', 'temu', 'objek', 'manusia', 'background', 'citra', 'proses', 'buat', 'aplikasi', 'hitung', 'hitung', 'khusus', 'hasil', 'teliti', 'tahap', 'proses', 'ekstraksi', 'fitur', 'klasifikasi', 'proses', 'ekstraksi', 'fitur', 'metode', 'histogram', 'of', 'oriented', 'gradients', 'hog', 'prinsip', 'hog', 'histogram', 'oleh', 'ekstraksi', 'fitur', 'langkah', 'antar', 'konversi', 'citra', 'gradient', 'compute', 'normalisasi', 'metode', 'naive', 'bayes', 'classifier', 'proses', 'klasifikasi', 'cocok', 'citra', 'hasil', 'kelas', 'citra', 'uji', 'dasar', 'uji', 'coba', 'aplikasi', 'hitung', 'distribusi', 'gaussian', 'probabilitas', 'naive', 'bayes', 'classfier', 'nilai', 'threshold', 'skenario', 'oleh', 'akurasi', 'kunci', 'histogram', 'of', 'oriented', 'gradient', 'naive', 'bayes', 'classifier']",RPL,0
24,https://pta.trunojoyo.ac.id/welcome/detail/080411100010,"KLASIFIKASI STATUS GIZI BALITA MENGGUNAKAN KOHONEN SELF ORGANIZING MAP
",Uhty Zunairoh,"Bain Khusnul Khotimah, S.T., M.Kom.","Aeri Rachmad, S.T., M.T.","['aplikasi', 'klasifikasi', 'status', 'gizi', 'balita', 'mudah', 'laku', 'kontrol', 'kembang', 'status', 'gizi', 'balita', 'teliti', 'camat', 'arosbaya', 'tepat', 'puskesmas', 'arosbaya', 'aplikasi', 'media', 'informasi', 'isi', 'informasi', 'kait', 'puskesmas', 'arosbaya', 'tentu', 'status', 'gizi', 'balita', 'aplikasi', 'metode', 'kohonen', 'self', 'organizing', 'map', 'ambil', 'data', 'puskesmas', 'arosbaya', 'parameter', 'usia', 'jenis', 'kelamin', 'badan', 'berat', 'badan', 'metode', 'ksom', 'tentu', 'cluster', 'buat', 'rule', 'tentu', 'klasifikasi', 'data', 'kelas', 'tertentuumumnya', 'status', 'gizi', 'balita', 'parameter', 'teliti', 'parameter', 'hasil', 'klasifikasi', 'bagi', 'kelas', 'kelas', 'status', 'gizi', 'kelas', 'status', 'gizi', 'normal', 'kelas', 'status', 'gizi', 'normal', 'hasil', 'teliti', 'balita', 'balita', 'status', 'gizi', 'delapan', 'balita', 'balita', 'status', 'gizi', 'normal', 'balita', 'balita', 'status', 'gizi', 'nilai', 'learning', 'rate', 'mse', 'masingmasing', 'nilai', 'akurasi', 'sencitivity', 'specificity', 'kunci', 'kohonen', 'self', 'organizing', 'map', 'status', 'gizi', 'balita', 'puskesmas', 'arosbaya']",RPL,0
25,https://pta.trunojoyo.ac.id/welcome/detail/080411100086,SISTEM PENDUKUNG KEPUTUSAN PEMILIHAN KARYAWAN BERPRESTASI DENGAN INTEGRASI FAHP dan ELECTRE II,Catur Ngesti Waluyo,"Mula'ab,S.Si.,M.Kom","Riza Alfita, S.T., M.T","['sumber', 'daya', 'manusia', 'mutlak', 'butuh', 'maju', 'usaha', 'jadi', 'usaha', 'usaha', 'maju', 'kalah', 'saing', 'usaha', 'buat', 'sistem', 'dukung', 'putus', 'spk', 'pilih', 'karyawan', 'prestasi', 'cari', 'karyawan', 'prestasi', 'sistem', 'dukung', 'putus', 'spk', 'fahp', 'electre', 'ii', 'metode', 'fahp', 'metode', 'obyektif', 'proses', 'nilai', 'dasar', 'hirarki', 'kriteria', 'gabung', 'konsep', 'fuzzy', 'sesuai', 'kriteria', 'nilai', 'kerja', 'karyawan', 'usaha', 'bobot', 'proses', 'metode', 'electre', 'ii', 'karyawan', 'prestasi', 'jaga', 'nilai', 'pihak', 'salah', 'karyawan', 'bebas', 'intervensi', 'karyawan', 'usaha', 'independen', 'profesional', 'nilai', 'karyawan', 'hasil', 'nilai', 'angkaangka', 'departemen', 'sdm', 'jumlah', 'nilai', 'komulatif', 'kriteria', 'karyawan', 'baik', 'prioritas', 'kriteria', 'metode', 'fahp', 'electreii', 'hasil', 'keluar', 'dekat', 'akurat', 'hasil', 'oleh', 'areal', 'manager', 'banding', 'hitung', 'manual', 'usaha', 'perhati', 'bobot', 'penting']",RPL,0
26,https://pta.trunojoyo.ac.id/welcome/detail/080411100052,PENGELOMPOKAN KUALITAS KELAS PADA SISWA MENGGUNAKAN INDEKS DAVIES-BOULDIN SOM (SELF ORGANIZING MAP),Hamiyah,"Bain Khusnul K,ST.,M.Kom","Firli Irhamni, ST, M. Kom","['abstrak', 'data', 'sma', 'wachid', 'hasyim', 'tamansepanjang', 'data', 'siswa', 'mentah', 'data', 'olah', 'olah', 'data', 'kelompok', 'clustering', 'datadata', 'milik', 'agam', 'metode', 'salah', 'satu', 'som', 'self', 'organizing', 'map', 'menvalidasi', 'data', 'guna', 'distance', 'matrix', 'idb', 'indeks', 'daviesbouldin', 'idb', 'som', 'tuju', 'tingkat', 'akurasi', 'validasi', 'hasil', 'analisa', 'data', 'penganalisaan', 'data', 'studi', 'sma', 'wachid', 'hasyim', 'tamansepanjang', 'tuju', 'tingkat', 'mirip', 'siswa', 'kelompok', 'kelas', 'metode', 'som', 'kelompok', 'data', 'dekat', 'cari', 'mirip', 'dasar', 'pola', 'mirip', 'data', 'kelompok', 'siswa', 'jadi', 'cluster', 'learning', 'rate', 'epoch', 'mse', 'kecil', 'epoch', 'data', 'training', 'jadi', 'sembilan', 'cluster', 'learning', 'rate', 'epoch', 'mse', 'kecil', 'epoch', 'cluster', 'data', 'training', 'nilai', 'kecil', 'pemvalidasian', 'cluster', 'idb', 'sembilan', 'cluster', 'data', 'training', 'cluster', 'nilai', 'idb', 'hasil', 'akurat', 'kelas', 'bentuk', 'kelompok', 'kunci', 'clustering', 'som', 'eucledian', 'distance', 'idb', 'sma', 'wachid', 'hasyim', 'tamansepanjang']",RPL,0
27,https://pta.trunojoyo.ac.id/welcome/detail/060411100818,APLIKASI CITRA MOSAIC PANORAMIC MENGGUNAKAN METODE SIFT (SCALE INVARIANT FEATURE TRANSFORM),Gendra Budiarti,"Eza Rahmanita, ST, MT","Meidya Koeshardianto, S.Si, MT","['citra', 'terap', 'aspek', 'hidup', 'bidang', 'dokter', 'tubuh', 'manusia', 'deteksi', 'sakit', 'bidang', 'geologi', 'meta', 'wilayah', 'butuh', 'tampil', 'citra', 'representasi', 'obyek', 'batas', 'luas', 'citra', 'kendala', 'terap', 'fungsi', 'manfaat', 'citra', 'aplikasi', 'gabung', 'citra', 'mosaic', 'panoramic', 'luas', 'tampil', 'citra', 'manfaat', 'informasi', 'obyek', 'teliti', 'metode', 'scale', 'invariant', 'feature', 'transform', 'sift', 'deteksi', 'keypoint', 'keypoint', 'ubah', 'dasar', 'nilai', 'threshold', 'tentu', 'pasang', 'citra', 'teliti', 'nilai', 'threshold', 'citra', 'masuk', 'keypoint', 'suai', 'nila', 'proses', 'mosaic', 'panoramic', 'nilai', 'threshold', 'keypoint', 'suai', 'nila', 'hasil', 'citra', 'hasil', 'mosaic', 'panoramic', 'nilai', 'threshold', 'keypoint', 'suai', 'pasang', 'citra', 'masuk', 'citra', 'masuk', 'temu', 'proses', 'mosaic', 'panoramic', 'hasil', 'citra', 'hasil', 'mosaic', 'panoramic', 'kunci', 'mosaic', 'panoramic', 'sift', 'scale', 'invariant', 'feature', 'transform', 'keypoint']",RPL,0
28,https://pta.trunojoyo.ac.id/welcome/detail/080411100125,PENGENALAN TELAPAK TANGAN MENGGUNAKAN METODE NAÏVE BAYES BERBASIS REDUKSI DIMENSI  PRINCIPAL COMPONENT ANALYSIS (PCA),Daril Ulumiyah,"Mulaab, S.Si., M.Kom.","Rima Tri Wahyuningrum, ST.,MT.","['teknologi', 'biometrik', 'alami', 'kembang', 'pesat', 'lazim', 'terap', 'bidang', 'aplikasi', 'proses', 'kenal', 'telapak', 'tangan', 'teliti', 'telapak', 'tangan', 'biometrika', 'relatif', 'telapak', 'tangan', 'milik', 'karakteristik', 'unik', 'garis', 'telapak', 'tangan', 'sifat', 'stabil', 'orang', 'garis', 'telapak', 'tangan', 'beda', 'orang', 'kembar', 'uni', 'stabil', 'garis', 'telapak', 'tangan', 'telapak', 'tangan', 'fitur', 'handal', 'telapak', 'tangan', 'sistem', 'kenal', 'teliti', 'proses', 'kenal', 'telapak', 'tangan', 'metode', 'naive', 'bayes', 'proses', 'classifier', 'reduksi', 'dimensi', 'principal', 'component', 'analysis', 'pca', 'sistem', 'uji', 'coba', 'citra', 'telapak', 'tangan', 'orang', 'orang', 'sampel', 'telapak', 'tangan', 'hasil', 'uji', 'ratarata', 'oleh', 'persentase', 'hasil']",RPL,0
29,https://pta.trunojoyo.ac.id/welcome/detail/080411100029,Implementasi Sistem Pakar Pada Pengambilan Keputusan Penentuan Tindakan Medis di Poli Mata Berbasis Web,Rizky Maulidya,"Fika Hastarita Rachman S.T., M.Eng","Firli Irhamni S.T., M.Kom","['diagnosa', 'sakit', 'mata', 'sistem', 'informasi', 'inti', 'masalah', 'teliti', 'studi', 'dokter', 'pakar', 'milik', 'batas', 'layan', 'pasien', 'jam', 'harihari', 'dokter', 'minggu', 'jam', 'kali', 'layan', 'asisten', 'dokter', 'bantu', 'layan', 'denga', 'maksimal', 'maksimal', 'peran', 'dokter', 'pasien', 'batas', 'keberadaaan', 'dokter', 'pakar', 'minim', 'layan', 'dokter', 'pasien', 'nya', 'minim', 'tahu', 'gejala', 'sakit', 'rasa', 'dukung', 'dapat', 'sistem', 'diagnosa', 'solusi', 'gejala', 'dasar', 'teliti', 'tuju', 'aplikasi', 'sistem', 'pakar', 'bas', 'web', 'mendiagnosa', 'gejala', 'sakit', 'mata', 'metode', 'kembang', 'aplikasi', 'fuzzy', 'mamdani', 'inferensi', 'forward', 'chainning', 'input', 'butuh', 'sistem', 'data', 'jenis', 'gejala', 'gejala', 'output', 'nilai', 'tingkat', 'parah', 'sakit', 'arah', 'solusi', 'hasil', 'uji', 'coba', 'sistem', 'dokter', 'oleh', 'nilai', 'akurat', 'kunci', 'metode', 'fuzzy', 'mamdani', 'forward', 'chaining', 'diagnosa', 'sakit', 'mata']",RPL,0
30,https://pta.trunojoyo.ac.id/welcome/detail/070411100029,RANCANG BANGUN APLIKASI INTRUSION PREVENTION SYSTEM PADA JARINGAN BERBASIS PROTOKOL TCP/IP MENGGUNAKAN SNORT DAN IPTABLES,BAHRUL ULUM,"Meidya Koeshardianto, S.Si., M.T","Eza Rahmanita, S.T., M.T","['usaha', 'milik', 'data', 'kait', 'giat', 'bisnis', 'jaga', 'aman', 'orang', 'hak', 'akses', 'seringkali', 'muncul', 'aksi', 'ilegal', 'coba', 'rusak', 'server', 'curi', 'data', 'usaha', 'akibat', 'salah', 'fatal', 'lancar', 'giat', 'bisnis', 'usaha', 'sebab', 'data', 'valid', 'sikap', 'sistem', 'monitoring', 'aman', 'aman', 'server', 'tindak', 'susup', 'intrusion', 'prevention', 'system', 'ips', 'solusi', 'aman', 'jaring', 'server', 'tindak', 'susup', 'ips', 'kembang', 'snort', 'fungsi', 'deteksi', 'kombinasi', 'iptables', 'firewall', 'cegah', 'susup', 'ips', 'lengkap', 'user', 'interface', 'base', 'basic', 'analysis', 'and', 'security', 'engine', 'manajemen', 'rule', 'mudah', 'admin', 'monitor', 'sistem', 'aman', 'tindak', 'susup', 'jaring', 'server', 'snort', 'alert', 'deteksi', 'serang', 'simpan', 'log', 'snort', 'perintah', 'iptables', 'drop', 'alamat', 'serang', 'detail', 'serang', 'tampil', 'user', 'interface', 'base', 'hasil', 'uji', 'dapat', 'snort', 'iptables', 'ips', 'respon', 'cepat', 'deteksi', 'serang', 'tanggap', 'ratarata', 'detik', 'serang', 'deteksi', 'alert']",RPL,0
31,https://pta.trunojoyo.ac.id/welcome/detail/060411100824,APLIKASI CITRA MOSAIK PANORAMIK MENGGUNAKAN METODE WATERSHED,Sri Rahma Puspa Sari,"Eza Rahmanita, S.T.,M.T.","Meidya Koeshardianto, S.Si.,M.T.","['citra', 'digital', 'manfaat', 'aspek', 'kehidupanoleh', 'butuh', 'tampil', 'citra', 'representasi', 'objek', 'citra', 'salah', 'masalah', 'ambil', 'gambar', 'citra', 'mampu', 'ambil', 'gambar', 'luas', 'gambar', 'ambil', 'kali', 'sebab', 'gambar', 'objek', 'terpisahpisah', 'atas', 'masalah', 'proses', 'gabung', 'citra', 'teliti', 'metode', 'watershed', 'metode', 'tentu', 'titik', 'korespondensi', 'masingmasing', 'citra', 'kandidat', 'daerah', 'hasil', 'korespondensi', 'segmen', 'gun', 'metode', 'watershed', 'hasil', 'segmentasi', 'cari', 'region', 'cut', 'acu', 'gabung', 'citra', 'proses', 'gabung', 'citra', 'dsebut', 'mosaic', 'panoramik', 'hasil', 'teliti', 'citra', 'panorama', 'ideal', 'dperoleh', 'citra', 'masuk', 'sama', 'obyek', 'titik', 'korespondensi', 'pilih', 'obyek', 'citra', 'masuk', 'kunci', 'citra', 'panorama', 'mosaikpanoramik', 'metode', 'watershed']",RPL,0
32,https://pta.trunojoyo.ac.id/welcome/detail/060411100772,ANALISA VALIDITAS PENERIMA BEASISWA MENGGUNAKAN METODE ANALYTIC NETWORK PROCESS DAN TOPSIS,Hilmi Fairuz Abadi,"Bain Khusnul K., S.T., M.Kom.","Firli Irhamni, S.T., M.Kom.","['beasiswa', 'beri', 'bantu', 'uang', 'orang', 'tuju', 'langsung', 'didik', 'tempuh', 'program', 'beasiswa', 'ada', 'ringan', 'beban', 'mahasiswa', 'tempuh', 'studi', 'kuliah', 'biaya', 'fakultas', 'teknik', 'universitas', 'trunojoyo', 'milik', 'program', 'beasiswa', 'hak', 'terima', 'beasiswa', 'bantu', 'ajar', 'mahasiswa', 'bbm', 'beasiwa', 'tingkat', 'prestasi', 'akademik', 'ppa', 'jenis', 'beasiswa', 'milik', 'kriteria', 'faktor', 'bobot', 'beda', 'seleksi', 'beasiswa', 'alami', 'sulit', 'banyak', 'mohon', 'banyak', 'kriteria', 'manual', 'akibat', 'efektif', 'putus', 'bantu', 'tetap', 'layak', 'terima', 'beasiswa', 'butuh', 'sistem', 'dukung', 'putus', 'metode', 'teliti', 'analytic', 'network', 'process', 'anp', 'technique', 'order', 'preference', 'by', 'similarity', 'to', 'ideal', 'solution', 'topsis', 'teliti', 'angkat', 'menganalisa', 'validitas', 'alternatif', 'baik', 'terima', 'beasiswa', 'dasar', 'kriteriakriteria', 'tentu', 'metode', 'anp', 'cari', 'solusi', 'urut', 'metode', 'topsis', 'dasar', 'hasil', 'uji', 'coba', 'sistem', 'beda', 'selisih', 'hasil', 'rekomendasi', 'sistem', 'data', 'aktual', 'menang', 'beasiswa', 'ppa', 'jurus', 'informatika', 'selisih', 'hasil', 'rekomendasi', 'sistem', 'data', 'aktual', 'menang', 'beasiswa', 'bbm', 'jurus', 'informatika', 'kunci', 'anp', 'topsis', 'mcdm', 'ambil', 'putus', 'multi', 'kriteria', 'seleksi', 'beasiswa']",RPL,0
33,https://pta.trunojoyo.ac.id/welcome/detail/080411100001,"SISTEM PERAMALAN PENJUALAN JANGKA PENDEK SPARE PART SEPEDA MOTOR MENGGUNAKAN NEURAL NETWORK
(Studi Kasus : Suzuki Kemayoran Bangkalan)",Ana Qaimah L.M.D.R,"Mula’ab, S.Si, M.Kom","Fika Hastarita R.,ST, M.Eng","['spare', 'part', 'salah', 'operasi', 'mesin', 'sepeda', 'motor', 'tingkat', 'jual', 'spare', 'part', 'duga', 'proses', 'tuneup', 'sebab', 'sulit', 'layan', 'baik', 'konsumen', 'turun', 'jual', 'spare', 'part', 'sebab', 'tumpu', 'spare', 'part', 'gudang', 'sistem', 'amal', 'ramal', 'jual', 'spare', 'part', 'periode', 'sistem', 'amal', 'metode', 'jaring', 'syaraf', 'tiru', 'algoritma', 'propagasi', 'momentum', 'ramal', 'jual', 'spare', 'part', 'data', 'simpan', 'hitung', 'epoh', 'learning', 'rate', 'beda', 'hasil', 'uji', 'coba', 'system', 'simpul', 'data', 'data', 'training', 'learning', 'rate', 'epoh', 'hasil', 'tingkat', 'salah']",RPL,0
34,https://pta.trunojoyo.ac.id/welcome/detail/060411100801,"PENGEMBANGAN MESIN PENCARIAN ANTIPLAGIASI PADA 
SIM JURNAL MAHASISWA MENGGUNAKAN ALGORITMA 
WINNOWING FUZZY K-MEANS",ilham wibisono aziz,"Hermawan S.T.,M.Kom","Andharini Dwi Cahyani S.Kom.,M.Kom","['abstrak', 'jiplak', 'muncul', 'kembang', 'bidang', 'didik', 'karya', 'tulis', 'isi', 'jiplak', 'karya', 'tulis', 'orang', 'atas', 'salah', 'satu', 'solusi', 'aplikasi', 'kelompok', 'dokumen', 'deteksi', 'jiplak', 'dokumen', 'tugas', 'aplikasi', 'deteksi', 'jiplak', 'dokumen', 'banding', 'dokumen', 'deteksi', 'jiplak', 'dokumen', 'algoritma', 'winnowing', 'algoritma', 'winnowing', 'fungsi', 'proses', 'dokumen', 'fingerprint', 'rubah', 'teks', 'kumpul', 'nilai', 'nilai', 'hash', 'nilai', 'hash', 'deteksi', 'tingkat', 'sama', 'dokumen', 'kelompok', 'dokumen', 'algoritma', 'fuzzy', 'kmeans', 'hasil', 'uji', 'coba', 'aplikasi', 'ambil', 'simpul', 'nilai', 'ngram', 'basis', 'window', 'hasil', 'prosentase', 'mirip', 'dokumen', 'hasil', 'nilai', 'ngram', 'basis', 'window', 'prosentase', 'mirip', 'dokumen', 'hasil', 'prosentase', 'hitung', 'nilai', 'fmeasure', 'pengaruh', 'akurat', 'data', 'proses', 'kunci', 'deteksi', 'jiplak', 'cluster', 'fmeasure']",RPL,0
35,https://pta.trunojoyo.ac.id/welcome/detail/070411100124,"SISTEM PENENTUAN STATUS GIZI PASIEN RAWAT INAP
MENGGUNAKAN METODE NAÏVE BAYES CLASSIFIER
(STUDI KASUS : RSUD DR. H. SLAMET
MARTODIRDJO PAMEKASAN)",Nur Anggraeni,"Diana Rahmawati, ST.M.T","Firli Irhamni, ST.M.Kom","['indonesia', 'kembang', 'gizi', 'perhati', 'status', 'gizi', 'kontrol', 'gizi', 'butuh', 'tubuh', 'teliti', 'rancang', 'aplikasi', 'sistem', 'dukung', 'putus', 'tentu', 'status', 'gizi', 'pasien', 'solusi', 'makan', 'pasien', 'sesuai', 'riwayat', 'sakit', 'derita', 'pasien', 'sistem', 'rancang', 'bas', 'web', 'mudah', 'admin', 'ahli', 'gizi', 'rumah', 'sakit', 'tentu', 'status', 'gizi', 'pasien', 'harap', 'aplikasi', 'efisien', 'efektifitas', 'kerja', 'metode', 'teliti', 'nave', 'bayes', 'classifier', 'nbc', 'metode', 'baru', 'prediksi', 'probabilitasmetode', 'nave', 'bayes', 'classifier', 'proses', 'tentu', 'hitung', 'probabilitas', 'status', 'gizi', 'mana', 'cari', 'nilai', 'probabilitas', 'besar', 'simpul', 'tentu', 'status', 'gizi', 'metode', 'terap', 'studi', 'sistem', 'tentu', 'status', 'gizi', 'pasien', 'hasil', 'akurasi', 'besar', 'kunci', 'nave', 'bayes', 'classifier', 'sistem', 'dukung', 'putus', 'status', 'gizi', 'web']",CAI,1
36,https://pta.trunojoyo.ac.id/welcome/detail/070411100072,"PENGENALAN TULISAN TANGAN HURUF ALFABET
DENGAN METODE MODIFIED DIRECTION FEATURE (MDF)
DAN LEARNING VECTOR QUANTIZATION (LVQ)",Hilyati Safitri,"Fitri Damayanti S.Kom., M.Kom","Kurniawan Eka Permana S.Kom., M.Sc.","['kenal', 'tulis', 'tangan', 'topik', 'teliti', 'populer', 'teliti', 'usahausaha', 'sistem', 'kenal', 'tulis', 'tangan', 'otomatis', 'teknik', 'beda', 'teliti', 'bahas', 'kembang', 'sistem', 'kenal', 'tulis', 'tangan', 'offline', 'ciri', 'lokal', 'karakterkarakter', 'tulis', 'tangan', 'salah', 'faktor', 'tentu', 'kenal', 'tulis', 'tangan', 'model', 'bentuk', 'tulis', 'tangan', 'tulis', 'nali', 'tulis', 'milik', 'gaya', 'tulis', 'bentuk', 'tulis', 'tangan', 'beda', 'metode', 'kenal', 'pola', 'tulis', 'tangan', 'teliti', 'modified', 'direction', 'feature', 'mdf', 'proses', 'ekstraksi', 'fitur', 'learning', 'vector', 'quantization', 'lvq', 'proses', 'klasifikasi', 'proses', 'ekstraksi', 'fitur', 'metode', 'mdf', 'tentu', 'arah', 'garis', 'posisi', 'tiaptiap', 'piksel', 'proses', 'latih', 'data', 'metode', 'learning', 'vector', 'quantization', 'lvq', 'metode', 'hasil', 'bobot', 'proses', 'kenal', 'citra', 'huruf', 'tulis', 'tangan', 'uji', 'coba', 'sistem', 'hasil', 'baik', 'kenal', 'citra', 'huruf', 'tulis', 'tangan', 'oleh', 'data', 'latih', 'citra', 'data', 'uji', 'coba', 'citra', 'hasil', 'akurasi', 'sistem', 'dapat', 'kunci', 'tulis', 'tangan', 'modified', 'direction', 'feature', 'learning', 'vector', 'quantization']",RPL,0
37,https://pta.trunojoyo.ac.id/welcome/detail/070411100152,PENGENALAN POLA SENYUMAN BERBASIS EKSTRAKSI FITUR PRINCIPAL COMPONENT ANALYSIS (PCA) DAN LINIER DESCRIMINANT ANALYSIS (LDA),SITI KHOLILAH,"RIMA TRI WAHYUNINGRUM, S.T., M.T","HARYANTO, S.T., M.T","['citra', 'senyum', 'salah', 'fitur', 'biometrik', 'jadi', 'bukti', 'autentik', 'sistem', 'kenal', 'pola', 'pattern', 'recognition', 'komputerisasi', 'identitas', 'ciri', 'kenal', 'senyum', 'teliti', 'kalang', 'salah', 'bentuk', 'terap', 'kenal', 'pola', 'senyum', 'senyum', 'senyum', 'nali', 'komputer', 'simpan', 'database', 'tentu', 'pola', 'senyum', 'manual', 'otomatis', 'manual', 'kasat', 'mata', 'otomatis', 'tentu', 'sistem', 'tugas', 'identifikasi', 'senyum', 'otomatis', 'metode', 'principal', 'component', 'analysis', 'pca', 'linier', 'descriminant', 'analysis', 'lda', 'mana', 'jenis', 'senyum', 'tugas', 'bagi', 'senyum', 'manis', 'senyum', 'ejek', 'senyum', 'paksa', 'senyum', 'tutup', 'senyum', 'buka', 'guna', 'metode', 'ekstraksi', 'fitur', 'efisien', 'tentu', 'hasil', 'sistem', 'kenal', 'pola', 'metode', 'klasifikasi', 'kenal', 'pola', 'euclidean', 'distance', 'manhattan', 'distance', 'hasil', 'uji', 'coba', 'gambar', 'data', 'latih', 'dapat', 'tingkat', 'akurasi', 'pca', 'ordered', 'hasil', 'uji', 'coba', 'pca', 'lda', 'dapat', 'tingkat', 'akurasi', 'ordered']",RPL,0
38,https://pta.trunojoyo.ac.id/welcome/detail/070411100114,"SISTEM PEROLEHAN CITRA BERBASIS ISI MENGGUNAKAN
GRAY LEVEL DIFFERENCE METHOD BERDASARKAN
CIRI TEKSTUR PADA POLA BATIK
",Nansy Lovitasari,"Fitri Damayanti, S.Kom., M.Kom","Rima Tri Wahyuningrum, S.T., M.T","['batik', 'rajin', 'milik', 'nilai', 'seni', 'budaya', 'indonesia', 'batik', 'indonesia', 'agam', 'jenis', 'tekstur', 'batik', 'warna', 'batik', 'pola', 'batik', 'cermin', 'usul', 'daerah', 'batik', 'cari', 'citra', 'bas', 'teks', 'efektif', 'nilai', 'subjektif', 'guna', 'representasi', 'citra', 'sistem', 'tangan', 'cari', 'citra', 'query', 'citra', 'sistem', 'oleh', 'citra', 'bas', 'isi', 'spci', 'content', 'based', 'image', 'retrieval', 'cbir', 'teliti', 'ciri', 'tekstur', 'proses', 'cari', 'mirip', 'delapan', 'kelas', 'citra', 'batik', 'beda', 'cirebon', 'bal', 'bangkal', 'pamekasan', 'sumenep', 'yogyakarta', 'solo', 'kalong', 'objek', 'oleh', 'citra', 'bas', 'isi', 'sistem', 'bangun', 'proses', 'utama', 'ekstraksi', 'fitur', 'tekstur', 'metode', 'gray', 'level', 'difference', 'method', 'gldm', 'arah', 'utama', 'gldm', 'hitung', 'beda', 'mutlak', 'pasang', 'derajat', 'abu', 'pisah', 'jarak', 'arah', 'hasil', 'ekstraksi', 'fitur', 'ukur', 'jarak', 'mirip', 'metode', 'euclidean', 'distance', 'uji', 'coba', 'aplikasi', 'ukur', 'mirip', 'euclidean', 'distance', 'nilai', 'threshold', 'oleh', 'akurasi', 'presisi', 'data', 'latih', 'data', 'uji', 'coba', 'citra', 'tampil']",RPL,0
39,https://pta.trunojoyo.ac.id/welcome/detail/070411100036,ONTOLOGY SEMANTIC WEB UNTUK PENCARIAN TUGAS AKHIR PADA SISTEM INFORMASI TUGAS AKHIR(SIMTAK),Daniyar Bagus Prasetya,"Firdaus Solihin S.kom,.M.kom","Kurniawan Eka P. S.kom,.M.sc","['butuh', 'cari', 'data', 'internet', 'cepat', 'faktor', 'guna', 'layan', 'internet', 'sistem', 'informasi', 'tugas', 'simtak', 'fakultas', 'teknik', 'universitas', 'trunojoyo', 'madura', 'butuh', 'cari', 'data', 'cepat', 'dasar', 'konteks', 'sistem', 'cari', 'pakai', 'cari', 'database', 'mana', 'hasil', 'cari', 'sesuai', 'konteks', 'keywords', 'diinputkan', 'milik', 'benar', 'sistem', 'cerdas', 'tahu', 'tangkap', 'proses', 'ontologi', 'dukung', 'tugas', 'ontologi', 'spesifikasi', 'konseptualisasi', 'semantik', 'web', 'abstrak', 'representasi', 'world', 'wide', 'web', 'www', 'basis', 'standar', 'definisi', 'resource', 'description', 'framework', 'rdf', 'ontology', 'web', 'language', 'owl', 'ide', 'dasar', 'bawa', 'web', 'milik', 'definisi', 'link', 'data', 'efektif', 'cari', 'otomasi', 'integrasi', 'reuse', 'informasi', 'aplikasi', 'semantik', 'web', 'definisi', 'kumpul', 'teknologi', 'mana', 'komputer', 'paham', 'arti', 'informasi', 'dasar', 'metadata', 'informasi', 'isi', 'informasi', 'judul', 'arang', 'modifikasi', 'tanggal', 'halaman', 'web', 'hak', 'cipta', 'halaman', 'web', 'semantik', 'web', 'cari', 'tugas', 'hasil', 'dasar', 'sama', 'makna', 'keyword', 'diinputkan', 'user', 'kunci', 'mesin', 'cari', 'semantic', 'web', 'tugas', 'abstract']",RPL,0
40,https://pta.trunojoyo.ac.id/welcome/detail/070411100083,"PERANCANGAN SISTEM INFORMASI PERENCANAAN PRODUKSI DAN PERSEDIAAN BAHAN BAKU TINTA MENGGUNAKAN METODE EOQ 
(ECONOMIC ORDER QUANTITY)
(Studi Kasus Di PT Inktech Indahmulya)
",M. Arif Rahman,"Yeni Kustiyahningsih, S.Kom., M.Kom.","Heri Awalul Ilhamsyah, ST., MT.","['teliti', 'bahas', 'ancang', 'sistem', 'informasi', 'rencana', 'produksi', 'sedia', 'bahan', 'baku', 'tinta', 'metode', 'eoq', 'economic', 'order', 'quantity', 'pt', 'inktech', 'indahmulya', 'jalan', 'rencana', 'produksi', 'rencana', 'produksi', 'sederhana', 'dasar', 'alam', 'produksi', 'periodeperiode', 'usaha', 'rencana', 'produksi', 'terap', 'optimal', 'tentu', 'sedia', 'barang', 'tahu', 'barang', 'butuh', 'periode', 'amal', 'metode', 'amal', 'metode', 'single', 'exponential', 'smoothing', 'metode', 'single', 'moving', 'average', 'metode', 'amal', 'butuh', 'bahan', 'baku', 'periode', 'hasil', 'teliti', 'konfirmasi', 'tentu', 'tinta', 'pmg', 'produksi', 'konsisten', 'metode', 'amal', 'single', 'exponential', 'smoothing', 'nilai', 'mse', 'nilai', 'tentu', 'material', 'produksi', 'butuh', 'metode', 'economic', 'order', 'quantity', 'eoq', 'hasil', 'uji', 'coba', 'sistem', 'dapat', 'hasil', 'biaya', 'sedia', 'rendah', 'butuh', 'bahan', 'baku', 'periode']",RPL,0
41,https://pta.trunojoyo.ac.id/welcome/detail/070411100102,SISTEM INFORMASI GEOGRAFIS PEMETAAN WILAYAH BERDASARKAN TINGKAT KESEJAHTERAAN DI KABUPATEN BANGKALAN MENGGUNAKAN METODE FUZZY MAMDANI,Hendriatno,"Bain Khusnul Khotimah.,S.T.,M.Kom","Firli Irhamni, S.T., M.Kom.","['meta', 'tim', 'nasional', 'cepat', 'tanggulang', 'miskin', 'tnpk', 'kabupatenkabupaten', 'pulau', 'madura', 'milik', 'miskin', 'wilayah', 'prioritas', 'tangan', 'rentan', 'pangan', 'tulis', 'sistem', 'informasi', 'geografis', 'meta', 'wilayah', 'dasar', 'tingkat', 'sejahtera', 'metode', 'fuzzy', 'mamdani', 'metode', 'atas', 'libat', 'objek', 'milik', 'ketidakpastian', 'sistem', 'informasi', 'geografis', 'tahap', 'proses', 'hitung', 'bentuk', 'himpun', 'fuzzy', 'atur', 'fungsi', 'implikasi', 'komposisi', 'atur', 'defuzzyfikasi', 'nilai', 'implementasi', 'dalam', 'meta', 'informasi', 'olah', 'cepat', 'efisien', 'uji', 'coba', 'sistem', 'kec', 'tragah', 'kec', 'galis', 'tingkat', 'sejahtera', 'meta', 'warna', 'merah', 'nilai', 'sejahtera', 'kec', 'kamal', 'kec', 'tanah', 'merah', 'kec', 'modung', 'kec', 'arosbaya', 'kec', 'puluh', 'kec', 'klampis', 'kec', 'konang', 'kec', 'geger', 'kec', 'labang', 'kec', 'blega', 'kec', 'kwanyar', 'kec', 'burneh', 'kec', 'socah', 'kec', 'tanjung', 'bumi', 'kec', 'kokop', 'tingkat', 'sejahtera', 'meta', 'warna', 'kuning', 'kec', 'bangkal', 'tingkat', 'kesejahteraanya', 'meta', 'warna', 'hijau', 'kunci', 'sistem', 'informasi', 'geografis', 'fuzzy', 'mamdani', 'tingkat', 'sejahtera']",RPL,0
42,https://pta.trunojoyo.ac.id/welcome/detail/050411100538,ANALISIS PERAMALAN PENJUALAN PRODUK ASESORIS KOMPUTER MENGGUNAKAN METODE EXPONENTIAL SMOOTHING (ES) DAN ORDINARY LEAST SQUARE (OLS),Moh. Hasbi Ash Shiddieqy,"Mula’ab, S.Si., M.Kom.","Yeni Kustiyahningsih, S.Kom., M.Kom.","['prediksi', 'rencana', 'kerja', 'usaha', 'efektif', 'efisien', 'orang', 'komputer', 'minta', 'konsumen', 'asesoris', 'komputer', 'otomatis', 'jual', 'tingkat', 'butuh', 'sistem', 'prediksi', 'jual', 'minggu', 'usaha', 'untung', 'maksimal', 'ramal', 'jual', 'asesoris', 'komputer', 'guna', 'metode', 'amal', 'single', 'exponential', 'smoothing', 'ses', 'metode', 'oldinary', 'least', 'square', 'ols', 'hasil', 'amal', 'hitung', 'banding', 'mean', 'square', 'error', 'mse', 'hasil', 'error', 'kecil', 'amal', 'baik', 'hasil', 'tes', 'hitung', 'amal', 'ambil', 'simpul', 'proses', 'amal', 'jual', 'asesoris', 'komputer', 'metode', 'single', 'exponential', 'smoothing', 'ses', 'oldinary', 'least', 'square', 'ols', 'terap', 'studi', 'sky', 'disk', 'surabaya', 'ratarata', 'mse', 'ratarata', 'mape']",RPL,0
43,https://pta.trunojoyo.ac.id/welcome/detail/080411100011,PENERAPAN METODE RADIAL BASIS FUNCTION NETWORK DENGAN K-MEANS CLUSTER UNTUK PERAMALAN KEBUTUHAN STRAW,Dwi Nuzulul Heriyanto,"Fika Hastarita Rachman, S.T, M.Eng","Budi Dwi Satoto, ST, M.Kom","['minta', 'straw', 'sperma', 'beku', 'sapi', 'hasil', 'bibit', 'unggul', 'bidang', 'terna', 'dinas', 'laut', 'ikan', 'terna', 'dkpp', 'sampang', 'tentu', 'banyak', 'straw', 'butuh', 'minta', 'stok', 'straw', 'sedia', 'penuh', 'minta', 'ternak', 'sapi', 'sedia', 'straw', 'data', 'data', 'guna', 'straw', 'kabupaten', 'sampang', 'januari', 'desember', 'amal', 'butuh', 'straw', 'proses', 'butuh', 'straw', 'metode', 'amal', 'sistem', 'metode', 'radial', 'basis', 'function', 'network', 'rbfn', 'tentu', 'hidden', 'node', 'kmeans', 'cluster', 'metode', 'kmeans', 'tepat', 'tentu', 'nilai', 'centroid', 'akurat', 'mudah', 'tentu', 'random', 'tentu', 'nilai', 'error', 'mape', 'mean', 'absolute', 'percentage', 'error', 'mse', 'mean', 'square', 'error', 'uji', 'coba', 'sistem', 'sistem', 'prediksi', 'butuh', 'straw', 'depan', 'evaluasi', 'kerja', 'sistem', 'nilai', 'mape', 'mse', 'kecil', 'oleh', 'cluster', 'nilai', 'mape', 'mse']",RPL,0
44,https://pta.trunojoyo.ac.id/welcome/detail/070411100158,AUTO LEVELING BERBASIS FINITE STATE MACHINE (FSM) PADA GAME PEMBELAJARAN BAHASA INGGRIS,Syafrial Nur Maulana,"Arik Kurniawati, S.Kom.,M.T.","Ari Kusumaningsih, S.T., M.T.","['tahu', 'bahasa', 'inggris', 'jaman', 'globalisasi', 'salah', 'sarana', 'kompetisi', 'bidang', 'seringkali', 'proses', 'ajar', 'jalan', 'lancar', 'kurang', 'metode', 'ajar', 'interaktif', 'berangkat', 'masalah', 'bangun', 'game', 'unsur', 'edukasi', 'game', 'unsur', 'edukasi', 'senang', 'mudah', 'sulit', 'main', 'salah', 'satu', 'terap', 'artifical', 'intelegent', 'cerdas', 'buat', 'teliti', 'main', 'tantang', 'sesuai', 'mampu', 'level', 'mandiriauto', 'leveling', 'main', 'frustasi', 'sulit', 'bosan', 'mudah', 'metode', 'game', 'level', 'mandiri', 'metode', 'finite', 'state', 'machine', 'fsm', 'implementasi', 'dalam', 'game', 'engine', 'xna', 'game', 'ajar', 'bahasa', 'inggris', 'speaking', 'reading', 'manfaat', 'teknologi', 'speech', 'recognition', 'dalam', 'xna', 'game', 'studio', 'uji', 'coba', 'sistem', 'responden', 'hasil', 'jadi', 'game', 'salah', 'media', 'ajar', 'cipta', 'game', 'tarik', 'game', 'adaptif', 'terap', 'level', 'mandiri', 'guna', 'speech', 'recognition', 'tingkat', 'mampu', 'bicara', 'bahasa', 'inggris', 'kunci', 'education', 'game', 'automatic', 'leveling', 'fsm', 'finite', 'state', 'machine', 'xna', 'game', 'engine', 'speech', 'recognition']",CAI,1
45,https://pta.trunojoyo.ac.id/welcome/detail/080411100002,RANCANG BANGUN APLIKASI SEARCH ENGINE DAN SISTEM PENDETEKSI PLAGIARISME MENGGUNAKAN METODE LSA-SOM,ARIS PRAMA AULIA,"Hermawan, ST., M.Kom","Dr. Indah Agustien S, S.Kom, M.Kom.","['plagiarisme', 'curi', 'gagas', 'katakata', 'kalimat', 'hasil', 'teliti', 'orang', 'saji', 'seolaholah', 'karya', 'metode', 'lsa', 'salah', 'metode', 'metode', 'deteksi', 'plagiarisme', 'metode', 'latent', 'semantic', 'analysis', 'lsa', 'teori', 'metode', 'gali', 'presentasi', 'konteks', 'arti', 'manfaat', 'komputasi', 'statistik', 'corpus', 'guna', 'lsa', 'konvensional', 'sifat', 'sekuensial', 'klasterisasi', 'proses', 'analisa', 'global', 'dokumen', 'komputasi', 'teknik', 'klasifikasi', 'awas', 'guna', 'self', 'organizing', 'map', 'som', 'uji', 'similaritas', 'global', 'centroid', 'masingmasing', 'kluster', 'uji', 'similaritas', 'lokal', 'klaster', 'pilih', 'klaster', 'hasil', 'teliti', 'lsasom', 'milik', 'ratarata', 'precision', 'recall', 'kunci', 'cosine', 'similarity', 'latent', 'semantic', 'analysis', 'plagiarisme', 'self', 'organizing', 'map', 'singular', 'value', 'decomposition']",RPL,0
46,https://pta.trunojoyo.ac.id/welcome/detail/080411100062,Rancang Bangun CRM Berbasis SMS Gateway disertai Peramalan Pergudangan dengan Metode Fuzzy Time Series,Akhmad Tajuddin Tholaby MS.,"Fika Hastarita R, S.T., M.Eng.","Firli Irhamni, ST. M. Kom.","['kub', 'rumput', 'laut', 'mitra', 'bahari', 'usaha', 'gerak', 'bidang', 'produksi', 'rumput', 'laut', 'sistem', 'produksi', 'dasar', 'inventori', 'stok', 'gudang', 'produksi', 'minta', 'jual', 'akibat', 'minta', 'jual', 'lebih', 'stok', 'kub', 'rumput', 'laut', 'mitra', 'bahari', 'penuh', 'minta', 'minta', 'jual', 'hasil', 'produksi', 'sisa', 'produk', 'jual', 'usaha', 'manfaat', 'hubung', 'crm', 'langgan', 'usaha', 'bas', 'sms', 'gateway', 'cepat', 'mudah', 'hubung', 'langgan', 'usaha', 'atas', 'tugas', 'aplikasi', 'crm', 'bas', 'sms', 'gateway', 'serta', 'amal', 'gudang', 'metode', 'fuzzy', 'time', 'series', 'hubung', 'crm', 'bas', 'sms', 'gateway', 'langgan', 'usaha', 'mudah', 'cepat', 'hubung', 'langgan', 'usaha', 'usaha', 'harap', 'langgan', 'samping', 'teliti', 'aplikasi', 'amal', 'gudang', 'tindak', 'lanjut', 'informasi', 'peluang', 'pasok', 'bahan', 'mentah', 'pasok', 'bas', 'sms', 'gateway', 'hasil', 'amal', 'usaha', 'stok', 'data', 'produksi', 'butuh', 'periode', 'kunci', 'crm', 'gudang', 'fuzzy', 'time', 'series', 'sms', 'gateway']",RPL,0
47,https://pta.trunojoyo.ac.id/welcome/detail/070411100155,"Pengenalan Tipe Huruf Aksara di Indonesia Menggunakan Edge Direction Matrix (Batak Toba, Kaganga, Carakan, Had Lampung)",Sulayhah,"Bain Khusnul khotimah, S.T.,M.Kom","Rima Tri Wahyuningrum, S.T.,M.T","['optical', 'font', 'recognition', 'ofr', 'teknik', 'analisa', 'tipe', 'tulis', 'teks', 'dokumen', 'mati', 'teliti', 'uji', 'efektif', 'guna', 'analisa', 'ekstraksi', 'fitur', 'global', 'dasar', 'analisa', 'statistik', 'perilaku', 'piksel', 'tepi', 'citra', 'biner', 'ofr', 'salah', 'metode', 'ofr', 'dasar', 'dekat', 'global', 'edge', 'direction', 'matrix', 'edm', 'edm', 'metode', 'ekstraksi', 'fitur', 'citra', 'biner', 'mana', 'perilaku', 'piksel', 'tepi', 'background', 'putih', 'pola', 'hitam', 'ambil', 'fitur', 'pola', 'nilai', 'simpan', 'matrik', 'edm', 'edm', 'sesuai', 'delapan', 'arah', 'sudut', 'nilai', 'matrik', 'bentuk', 'hitung', 'dasar', 'enam', 'sama', 'edm', 'bentuk', 'nilai', 'fitur', 'dataset', 'uji', 'data', 'citra', 'asal', 'aksara', 'kuno', 'indonesia', 'aksara', 'cara', 'aksara', 'batak', 'toba', 'aksara', 'had', 'lampung', 'aksara', 'kaganga', 'aksara', 'style', 'font', 'bold', 'bolditalic', 'italic', 'regular', 'teliti', 'metode', 'euclidean', 'distance', 'proses', 'klasifikasi', 'kenal', 'tipe', 'tulis', 'hasil', 'akurasi', 'kenal', 'tinggi', 'capai', 'skenario', 'data', 'ujicoba', 'data']",RPL,0
48,https://pta.trunojoyo.ac.id/welcome/detail/050411100614,Sistem Pendukung Keputusan Penentuan Prioritas Produk Unggulan Daerah Dengan Menggunakan Metode F-AHP Studi Kasus Kabupaten Bangkalan,Setia Kurniawan,"Mula'ab. S. Si,. M. Kom","Riza Alfita. S. T,. M. T","['saing', 'produk', 'unggul', 'daerah', 'ketat', 'iring', 'tingkat', 'laju', 'tumbuh', 'industri', 'teknologi', 'saing', 'akibat', 'industri', 'jeli', 'rumus', 'strategi', 'bijak', 'ambil', 'putus', 'tentu', 'prioritas', 'produk', 'unggul', 'daerah', 'sesuai', 'butuh', 'mampu', 'putus', 'akurat', 'efektif', 'salah', 'pilih', 'meminimalisir', 'rugi', 'segi', 'biaya', 'teliti', 'metode', 'fuzzy', 'analytic', 'hierarchy', 'process', 'fahp', 'milik', 'lebih', 'mana', 'kir', 'skala', 'sifat', 'tunggal', 'fuzzy', 'ahp', 'kurang', 'faktor', 'subyektivitas', 'kriteria', 'sub', 'kriteria', 'metode', 'harap', 'kembang', 'software', 'sistem', 'dukung', 'putus', 'instansi', 'instansi', 'pilih', 'barang', 'alternatif', 'pilih', 'nilai', 'bobot', 'banding', 'alternatif', 'kriteria', 'kriteria', 'omset', 'tenaga', 'kerja', 'target', 'pasar', 'bahan', 'baku', 'badan', 'usaha', 'kunci', 'sistem', 'dukung', 'putus', 'produk', 'unggul', 'metode', 'fahp']",RPL,0
49,https://pta.trunojoyo.ac.id/welcome/detail/050411100566,RANCANG BANGUN APLIKASI ENKRIPSI  SMS MENGGUNAKAN METODE RC4 BERBASIS PLATFORM ANDROID,Mohamad Eko Sudarmono,"Moh. Kautsar Sophan, S.Kom., M.MT","BAIN KHUSNUL KHOTIMAH, S.T., M.Kom","['kembang', 'teknologi', 'informasi', 'dekade', 'ubah', 'pesat', 'teknologi', 'informasi', 'sampai', 'informasi', 'jarak', 'mudah', 'salah', 'teknologi', 'telekomunikasi', 'janji', 'cepat', 'sampai', 'sort', 'message', 'service', 'sms', 'teknologi', 'sms', 'guna', 'tukar', 'pesan', 'orang', 'cepat', 'mudah', 'tugas', 'kembang', 'aplikasi', 'telepon', 'selular', 'modifikasi', 'pesan', 'sms', 'cipherteks', 'isi', 'informasi', 'sms', 'orang', 'kirim', 'sms', 'sistem', 'enkripsi', 'pesan', 'cipherteks', 'key', 'diinputkan', 'kirim', 'kirim', 'nomor', 'tuju', 'terima', 'sms', 'sistem', 'mendekripsi', 'cipherteks', 'plainteks', 'key', 'diinputkan', 'terima', 'tampil', 'pesan', 'asli', 'terima', 'aplikasi', 'manfaat', 'kirim', 'informasi', 'rahasia', 'orang', 'sms', 'takut', 'informasi', 'pesan', 'orang', 'metode', 'sistem', 'enkripsi', 'mendekripsi', 'pesan', 'metode', 'enkripsi', 'rc', 'implementasi', 'bahasa', 'pemrograman', 'java', 'development', 'kit', 'tools', 'application', 'programing', 'intervace', 'api', 'android', 'sdk', 'kunci', 'sort', 'message', 'service', 'sms', 'enkripsi', 'dekripsi', 'rc', 'android']",RPL,0
50,https://pta.trunojoyo.ac.id/welcome/detail/080411100078,IMPLEMENTASI  METODE N-GRAM PADA PEMBUATAN GAME FIGHTING MADURA BERBASIS ANDROID OS MOBILE,Farizal Arifin,"Arik Kurniawati S.Kom., M.T","Cucun Very Angkoso, S.T., M.T","['teknologi', 'mobile', 'game', 'kembang', 'pesat', 'mobile', 'game', 'milik', 'minat', 'kalang', 'ragam', 'variasi', 'dasar', 'kembang', 'kembang', 'mobile', 'game', 'teliti', 'game', 'fighting', 'platform', 'android', 'game', 'fighting', 'salah', 'genre', 'video', 'game', 'mana', 'player', 'kontrol', 'karakter', 'layar', 'main', 'tarung', 'jarak', 'close', 'combat', 'lawan', 'game', 'fighting', 'implementasi', 'metode', 'ngram', 'metode', 'ngram', 'terap', 'buat', 'gera', 'npc', 'non', 'playable', 'character', 'tarung', 'npc', 'prediksi', 'gera', 'lawan', 'metode', 'ngram', 'gera', 'player', 'npc', 'prediksi', 'gera', 'prediksi', 'akurat', 'banyak', 'key', 'cipta', 'prediksi', 'gera', 'gera', 'gera', 'metode', 'cenderung', 'npc', 'tahan', 'player', 'gerak', 'agresif', 'serang', 'hasil', 'uji', 'game', 'fighting', 'jalan', 'emulator', 'smartphone', 'android', 'milik', 'resolusi', 'screen', 'pixels', 'aplikasi', 'game', 'jalan', 'lancar', 'tipe', 'smartphone', 'android', 'milik', 'resolusi', 'screen', 'pixels', 'tampil', 'sempurna']",CAI,1
51,https://pta.trunojoyo.ac.id/welcome/detail/070411100081,"IMPLEMENTASI PERFORMANCE PRISM 
UNTUK SISTEM PENGUKURAN KINERJA PERUSAHAAN",Luhur Priyantoko Aji,"BAIN KHUSNUL KHOTIMAH, S.T., M.Kom.","Khamdi Mubarok, S.T., M.Eng.","['ukur', 'kerja', 'proses', 'organisasi', 'tetap', 'parameter', 'hasil', 'capai', 'program', 'investasi', 'akusisi', 'ukur', 'kerja', 'usaha', 'indikator', 'tingkat', 'turun', 'indeks', 'produktivitas', 'tolak', 'ukur', 'usaha', 'ukur', 'kerja', 'ukur', 'kerja', 'salah', 'satu', 'terap', 'pt', 'preshion', 'engineering', 'plastec', 'surabaya', 'kuasa', 'pasar', 'tahan', 'langgan', 'performance', 'prism', 'metode', 'timbang', 'butuh', 'stakeholder', 'jadi', 'dasar', 'susun', 'key', 'performance', 'indicators', 'kpi', 'kpi', 'bobot', 'anp', 'scoring', 'objective', 'matrix', 'omax', 'indeks', 'produktivitas', 'kerja', 'usaha', 'hasil', 'teliti', 'evaluasi', 'kerja', 'pt', 'preshion', 'engineering', 'plastec', 'surabaya', 'dapat', 'stakeholder', 'subkriteria', 'kpi', 'kpi', 'kpi', 'profit', 'growth', 'bobot', 'normal', 'kpi', 'rapat', 'bobot', 'rendah', 'indeks', 'produktivitas', 'usaha', 'alami', 'turun', 'akibat', 'kpi', 'capai', 'bawah', 'target', 'indeks', 'produktivitas', 'usaha', 'alami', 'naik']",RPL,0
52,https://pta.trunojoyo.ac.id/welcome/detail/070411100042,PENGEMBANGAN VIRTUAL CLASS UNTUK PEMBELAJARAN INTERAKTIF MATA PELAJARAN MATEMATIKA SISWA SMP BERBASIS SECOND LIFE,Dwi Adi Permana,"Arik Kurniawati,S.Kom, M.Kom",Dr. Indah Aguestien S,"['internet', 'kembang', 'cepat', 'internet', 'gabung', 'situs', 'jejaring', 'sosial', 'main', 'games', 'online', 'belanja', 'shop', 'online', 'download', 'browsing', 'infoinfo', 'butuh', 'dunia', 'didik', 'ramai', 'dunia', 'internet', 'ajar', 'jarak', 'virtual', 'class', 'games', 'didik', 'lainlain', 'tugas', 'bangun', 'aplikasi', 'virtual', 'class', 'matematika', 'siswa', 'smp', 'bas', 'second', 'life', 'tuju', 'utama', 'tugas', 'media', 'ajar', 'terap', 'teknologi', 'mata', 'ajar', 'virtual', 'class', 'matematika', 'bas', 'second', 'life', 'virtual', 'class', 'online', 'second', 'life', 'aplikasi', 'virtual', 'class', 'bagi', 'bab', 'materi', 'mata', 'ajar', 'matematika', 'siswa', 'smp', 'kelas', 'vii', 'dalam', 'virtual', 'class', 'evaluasi', 'babnyajika', 'nilai', 'evaluasi', 'kkm', 'kriteria', 'kelulus', 'minimal', 'siswa', 'wajib', 'dalam', 'materi', 'evaluasi', 'ulang', 'kkm', 'nya', 'kkm', 'mata', 'ajar', 'matematika', 'siswa', 'vii', 'smp', 'negeri', 'tulang', 'nilai', 'kendala', 'uji', 'coba', 'aplikasi', 'kurang', 'koneksi', 'internet', 'kuat', 'aplikasi', 'sifat', 'online', 'perlu', 'konekasi', 'internet', 'lumayan', 'kunci', 'internet', 'virtual', 'class', 'second', 'life', 'matematika']",CAI,1
53,https://pta.trunojoyo.ac.id/welcome/detail/070411100129,ANALISIS DAN PENERAPAN ALGORITMA PARTICLE SWARM OPTIMIZATION PADA OPTIMASI PENJADWALAN MATA KULIAH DI JURUSAN TEKNIK INFORMATIKA UNIVERSITAS TRUNOJOYO MADURA,Qomarul Haryadi Irfan Rifa'i,"Bain Khusnul Hotimah S.T., M.Kom.","Arik Kurniawati, S.Kom, M.T.","['jadwal', 'mata', 'kuliah', 'program', 'studi', 'teknik', 'informatika', 'universitas', 'trunojoyo', 'madura', 'ganti', 'semester', 'faktor', 'dukung', 'jadwal', 'mata', 'kuliah', 'dosen', 'mahasiswa', 'mata', 'kuliah', 'ruang', 'sedia', 'masalah', 'optimasi', 'jadwal', 'ajar', 'cari', 'metodologi', 'dekat', 'teknis', 'kembang', 'solusi', 'alternatif', 'tawar', 'teliti', 'algoritma', 'particle', 'swarm', 'optimized', 'pso', 'utnuk', 'optimasi', 'jadwal', 'kuliah', 'algoritma', 'pso', 'milik', 'tooltool', 'handal', 'guna', 'mudah', 'hasil', 'teliti', 'algoritma', 'particle', 'swarm', 'optimiztion', 'terap', 'optimasi', 'jadwal', 'mata', 'kuliah', 'maksimal', 'guna', 'parameterparameter', 'algoritma', 'particle', 'swarm', 'optimiztion', 'nilai', 'optimal', 'nilai', 'velocity', 'nilai', 'nilai', 'nilai']",RPL,0
54,https://pta.trunojoyo.ac.id/welcome/detail/080411100003,"Rancang Bangun Sistem Pendukung Keputusan Penentuan Pemberian Bantuan RASKIN Menggunakan Metode SMARTER
(Studi Kasus : Kecamatan Batuan Kabupaten Sumenep)
",Ayu Winda Istara,"Andharini Dwi Cahyani, S.Kom, M.Kom","Fika Hastarita Rachman, ST, M.Eng","['iring', 'ubah', 'paradigma', 'bangun', 'ekonomi', 'fokus', 'tanggulang', 'miskin', 'perintah', 'tuntut', 'entas', 'miskin', 'programprogram', 'entas', 'miskin', 'salah', 'program', 'entas', 'miskin', 'laksana', 'perintah', 'program', 'raskin', 'metode', 'pakai', 'teliti', 'smarter', 'simple', 'multi', 'attribute', 'rating', 'technique', 'exploiting', 'ranks', 'metode', 'smarter', 'metode', 'multiple', 'criteria', 'decision', 'making', 'mcdm', 'metode', 'pilih', 'metode', 'smarter', 'bentuk', 'model', 'dukung', 'putus', 'ambil', 'putus', 'kriteria', 'agam', 'pecah', 'ambil', 'putus', 'teliti', 'camat', 'batu', 'kabupaten', 'sumenep', 'parameter', 'miskin', 'sumber', 'air', 'minum', 'kali', 'makan', 'mampu', 'beli', 'daging', 'ayam', 'susu', 'minggu', 'bahan', 'bakar', 'masak', 'pakai', 'sumber', 'terang', 'aset', 'minimal', 'lapang', 'kerja', 'buang', 'air', 'jenis', 'lantai', 'rumah', 'jenis', 'dinding', 'rumah', 'luas', 'lantai', 'rumah', 'mampu', 'obat', 'sakit', 'ijazah', 'teliti', 'sistem', 'dukung', 'putus', 'metode', 'smarter', 'menganalisa', 'kriteria', 'tentu', 'duduk', 'layak', 'terima', 'bantu', 'raskin', 'sistem', 'milik', 'tingkat', 'akurasi', 'banding', 'data', 'rill', 'kunci', 'raskin', 'sistem', 'dukung', 'putus', 'smarter']",RPL,0
55,https://pta.trunojoyo.ac.id/welcome/detail/050411100651,RANCANG BANGUN SISTEM INFORMASI PEMETAAN TANAMAN PERTANIAN DI KABUPATEN BANGKALAN,RIDHA MARISTA,"HUSNI,S.Kom., M.T.","DIANA RAHMAWATI, S.T., M.T.","['kabupaten', 'bangkal', 'milik', 'lahan', 'tani', 'luas', 'ha', 'luas', 'kabupaten', 'bangkal', 'lahan', 'sawah', 'teknis', 'luas', 'ha', 'tegal', 'luas', 'ha', 'lahan', 'kering', 'capai', 'ha', 'sebar', 'camat', 'topografi', 'datar', 'bukit', 'bangun', 'tani', 'alami', 'hambat', 'subur', 'tanah', 'rendah', 'bangun', 'tani', 'tradisional', 'perhati', 'aspek', 'sesuai', 'lahan', 'tanam', 'tugas', 'kembang', 'sistem', 'informasi', 'meta', 'tanam', 'tani', 'kabupaten', 'bangkal', 'bas', 'lahan', 'tentu', 'jenis', 'tanam', 'sistem', 'pedoman', 'hasil', 'analisa', 'kriteria', 'sesuai', 'jenis', 'lahan', 'jenis', 'tanam', 'metode', 'matching', 'dinas', 'tani', 'terna', 'balai', 'suluh', 'tani', 'bpp', 'kabupaten', 'bangkal', 'data', 'oleh', 'olah', 'data', 'spasial', 'peta', 'lokasi', 'tanam', 'manfaat', 'google', 'maps', 'aplikasi', 'meta', 'aplikasi', 'google', 'maps', 'pilih', 'mudah', 'tentu', 'lokasi', 'detail', 'terap', 'aplikasi', 'sistem', 'informasi', 'bantu', 'guna', 'tani', 'rencana', 'pilih', 'jenis', 'tanam', 'sesuai', 'kembang', 'camat', 'tingkat', 'produktivitas', 'kuantitas', 'kualitas', 'tani', 'kabupaten', 'bangkal', 'kunci', 'kabupaten', 'bangkal', 'sistem', 'informasi', 'google', 'maps', 'lahan', 'tanam']",RPL,0
56,https://pta.trunojoyo.ac.id/welcome/detail/070411100119,Pengenalan Tulisan Tangan Carakan Jawa Secara Real Time  Dengan Menggunakan Dominant Point,Nining Latifah,"Fitri Damayanti, S.Kom., M.Kom","Rima Tri Wahyuningrum, ST, MT","['kenal', 'tulis', 'tangan', 'salah', 'cabang', 'kenal', 'pola', 'cara', 'tulis', 'kompleks', 'milik', 'karakteristik', 'unik', 'banding', 'tulis', 'latin', 'tulis', 'tulis', 'tangan', 'faktor', 'sebab', 'proses', 'kenal', 'tulis', 'cara', 'sulit', 'variasi', 'bentuk', 'tulis', 'cara', 'milik', 'mirip', 'huruf', 'salah', 'proses', 'klasifikasi', 'teliti', 'bangun', 'sistem', 'kenal', 'tulis', 'tangan', 'real', 'time', 'mana', 'proses', 'ekstraksi', 'ciri', 'metode', 'dominant', 'point', 'ciri', 'karakter', 'masuk', 'metode', 'dasar', 'sistem', 'baca', 'arah', 'gores', 'pena', 'dasar', 'kumpul', 'titik', 'proses', 'klasifikasi', 'kenal', 'karakter', 'fine', 'classification', 'proses', 'kenal', 'tahap', 'nilai', 'prakandidat', 'seleksi', 'kandidat', 'cocok', 'karakter', 'proses', 'sistem', 'cepat', 'proses', 'kenal', 'uji', 'coba', 'sistem', 'hasil', 'baik', 'kenal', 'citra', 'huruf', 'tulis', 'tangan', 'cara', 'oleh', 'data', 'latih', 'citra', 'data', 'uji', 'coba', 'skenario', 'akurasi', 'hasil', 'rendah', 'oleh', 'data', 'latih', 'citra', 'data', 'uji', 'coba', 'skenario', 'akurasi', 'hasil', 'akurasi', 'ratarata', 'sembilan', 'skenario', 'kunci', 'handwriting', 'recognition', 'cara', 'dominant', 'point', 'fine', 'classification']",RPL,0
57,https://pta.trunojoyo.ac.id/welcome/detail/080411100113,SISTEM PERAMALAN KEBUTUHAN OBAT MENGGUNAKAN METODE JARINGAN SYARAF TIRUAN ALGORITMA  BACKPROPAGATION DENGAN FUNGSI LYAPUNOV,Rahmatina Hidayati,"Bain Khusnul Khotimah, S.T.,M.Kom.","Haryanto, S.T.,M.T.","['obat', 'salah', 'butuh', 'rumah', 'sakit', 'butuh', 'kumpul', 'data', 'obat', 'hadap', 'farmasi', 'milik', 'wenang', 'ada', 'obatobatan', 'rumah', 'sakit', 'dr', 'slamet', 'martodirdjo', 'pamekasan', 'rangka', 'jamin', 'sedia', 'obat', 'atas', 'butuh', 'obat', 'sesuai', 'butuh', 'rangka', 'penuh', 'tingkat', 'butuh', 'obat', 'ramal', 'pasok', 'obat', 'data', 'data', 'tentu', 'nilai', 'salah', 'latih', 'metode', 'teliti', 'metode', 'prediksi', 'butuh', 'obat', 'jaring', 'syaraf', 'algoritma', 'backpropagation', 'tambah', 'fungsi', 'lyapunov', 'tambah', 'fungsi', 'pecah', 'backpropagation', 'standar', 'lambat', 'capai', 'konvergensi', 'uji', 'coba', 'skenario', 'dapat', 'hasil', 'parameter', 'baik', 'amal', 'nama', 'obat', 'ambroxol', 'nilai', 'learning', 'rate', 'epoch', 'oleh', 'nilai', 'mape', 'obat', 'bisoprolol', 'tab', 'mg', 'nilai', 'learning', 'rater', 'epoch', 'oleh', 'nilai', 'mape', 'obat', 'cefixime', 'caps', 'mg', 'nilai', 'learning', 'rate', 'epoch', 'oleh', 'nilai', 'mape']",RPL,0
58,https://pta.trunojoyo.ac.id/welcome/detail/070411100136,SISTEM PEROLEHAN CITRA BERBASIS ISI MENGGUNAKAN WAVELET HAAR DAN EUCLIDEAN DISTANCE,VEMBRI PRATAMA PRISTYONO,"BAIN KHUSNUL KHOTIMAH, S.T., M.Kom.","ABDULLAH BASUKI RAHMAT, S.Si., M.T.","['batik', 'seni', 'hidup', 'masyarakat', 'indonesia', 'keanekaragaman', 'batik', 'asal', 'wilayah', 'seluruh', 'indonesia', 'simbol', 'karakteristik', 'ciri', 'pola', 'batik', 'berbedabeda', 'masingmasing', 'daerah', 'batik', 'tumbuh', 'kembang', 'tugas', 'hasil', 'sistem', 'oleh', 'citra', 'bas', 'isi', 'spci', 'ciri', 'tekstur', 'tuju', 'ciri', 'pola', 'batik', 'spci', 'metode', 'teknik', 'cari', 'gambar', 'citra', 'similar', 'banding', 'citra', 'query', 'citra', 'basis', 'data', 'teliti', 'ciri', 'tekstur', 'proses', 'cari', 'mirip', 'delapan', 'wilayah', 'citra', 'batik', 'beda', 'cirebon', 'bal', 'bangkal', 'pamekasan', 'sumenep', 'yogyakarta', 'solo', 'kalong', 'obyek', 'oleh', 'citra', 'bas', 'isi', 'metode', 'teliti', 'bas', 'tekstur', 'kasar', 'lembut', 'metode', 'wavelet', 'haar', 'wavelet', 'haar', 'metode', 'mana', 'citra', 'dekomposisi', 'll', 'lh', 'hl', 'hh', 'masingmasing', 'tentu', 'nilai', 'hasil', 'ekstraksi', 'fitur', 'ukur', 'mirip', 'citra', 'basis', 'data', 'metode', 'euclidean', 'distance', 'citra', 'query', 'citra', 'basis', 'data', 'citra', 'delapan', 'kelas', 'citra', 'dalam', 'citra', 'tinggi', 'hasil', 'uji', 'coba', 'skenarioskenario', 'teliti', 'ambil', 'simpul', 'akurasi', 'tinggi', 'kelas', 'bangkal', 'cirebon', 'pamekasan', 'solo', 'citra', 'hasil', 'hitung', 'akurasi', 'citra', 'citra', 'baik', 'tampil', 'dasar', 'fitur', 'citra', 'roughness', 'fitur', 'tekstur', 'kasar', 'lembut', 'hasil', 'nilai', 'akurasi', 'tinggi']",RPL,0
59,https://pta.trunojoyo.ac.id/welcome/detail/070411100023,Visualisasi Proses Terjadinya Hujan Berbasis Second Life,Anggit Pratama,"Arik Kurniawati,S.Kom, M.Kom.","Dr.Indah Agustien Siradjuddin, S.Kom, M.Kom.      ","['abstrak', 'kembang', 'teknologi', 'manusia', 'rasa', 'alam', 'nyata', 'dunia', 'materi', 'teknologi', 'teknologi', 'virtual', 'reality', 'teknologi', 'virtual', 'reality', 'terap', 'bidang', 'salah', 'satu', 'dalam', 'dunia', 'ajar', 'dalam', 'teliti', 'ajar', 'proses', 'hujan', 'kemas', 'dalam', 'simulasi', 'virtual', 'reality', 'tuju', 'utama', 'kembang', 'virtual', 'reality', 'tiru', 'alam', 'nyata', 'dunia', 'maya', 'dekat', 'imitasi', 'animasi', 'realitas', 'dunia', 'maya', 'hadir', 'teknologi', 'virtual', 'reality', 'manfaat', 'maksimal', 'hidup', 'seharihari', 'dalam', 'teliti', 'tetap', 'perilaku', 'objek', 'giat', 'proses', 'hujan', 'guna', 'second', 'life', 'platform', 'hidup', 'konsep', 'ajar', 'proses', 'hujan', 'dimensi', 'second', 'life', 'pada', 'visualisasi', 'bentuk', 'second', 'life', 'platform', 'dukung', 'ajar', 'hasil', 'uji', 'coba', 'visualisasi', 'responden', 'ajar', 'visualisasi', 'proses', 'hujan', 'beda', 'tarik', 'mudah', 'erti', 'kunci', 'virtual', 'reality', 'vr', 'multimedia', 'proses', 'hujan', 'second', 'life']",CAI,1
